Vehicle_ID,Frame_ID,Tot_Frames,Epoch_ms,Local_X,Local_Y,Global_X,Global_Y,Veh_Len,Veh_Wid,Veh_Class,Veh_Velocity,Vehicle_Acc,Lane_ID,Org_Zone,Dest_Zone,Intersection,Section,Direction,Movement,Preceding_Veh,Following_Veh,Spacing,Headway
2,29,1707,1163033200,8.695,235.155,2230541.536,1375765.856,14.0,7.0,2,16.59,-5.03,0,102,214,1,0,2,3,0,0,0.0,0.0
6,5,31,1163030800,-2.673,2072.5660000000003,2230786.8819999998,1377530.554,19.1,6.5,2,27.25,0.0,11,114,213,5,0,4,2,0,0,0.0,0.0
8,8,9,1163031100,-24.211,135.28,2230491.531,1375670.642,14.6,6.8,2,29.49,0.0,2,123,201,0,1,4,1,0,11,0.0,0.0
11,77,1242,1163038000,-9.721,1533.161,2230824.519,1376994.136,15.0,7.0,2,13.62,-1.94,1,120,201,0,4,4,1,0,0,0.0,0.0
13,43,597,1163034600,12.338,231.94799999999998,2230544.437,1375762.4130000002,14.5,7.0,2,20.01,-12.27,0,102,203,1,0,2,3,0,0,0.0,0.0
15,45,1713,1163034800,11.939,33.508,2230519.3219999997,1375566.2769999998,18.0,7.0,2,17.29,0.0,1,101,214,0,1,2,1,2,0,233.92,13.53
17,60,1717,1163036300,13.185,18.734,2230519.819,1375553.2480000001,15.5,7.0,2,25.79,0.0,1,101,214,0,1,2,1,15,0,37.12,1.44
21,88,209,1163039100,23.705,27.500999999999998,2230530.563,1375559.3369999998,18.0,7.0,2,23.83,0.0,2,101,202,0,1,2,1,0,0,0.0,0.0
22,132,27,1163043500,-5.4239999999999995,2056.036,2230786.6890000002,1377513.8169999998,15.4,7.1,2,14.27,4.88,0,115,214,5,0,2,2,0,0,0.0,0.0
24,145,206,1163044800,24.406,34.537,2230531.832,1375566.293,18.0,7.0,2,15.84,0.0,2,101,202,0,1,2,1,21,0,75.9,4.79
25,154,439,1163045700,-23.526999999999997,710.237,2230557.6569999997,1376243.75,16.0,6.5,2,18.98,-4.05,0,122,202,2,0,4,3,0,0,0.0,0.0
27,152,21,1163045500,-14.819,2048.633,2230778.5409999997,1377505.044,14.9,6.8,2,12.33,0.0,1,115,214,5,0,2,2,0,0,0.0,0.0
28,176,968,1163047900,-24.49,707.846,2230556.27,1376241.574,13.0,6.6,2,20.63,0.99,0,122,202,2,0,4,3,0,0,0.0,0.0
29,154,1144,1163045700,9.805,2113.03,2230788.997,1377572.9119999998,3.5,6.5,1,28.15,0.0,1,114,201,0,6,4,1,0,13,0.0,0.0
31,175,24,1163047800,-4.513999999999999,2052.15,2230788.181,1377510.129,16.6,6.9,2,20.18,-1.96,0,115,214,5,0,2,2,0,0,0.0,0.0
33,190,17,1163049300,-23.201,136.222,2230492.614,1375671.499,14.2,6.4,2,11.13,0.0,0,123,201,1,0,4,3,0,0,0.0,0.0
36,202,1395,1163050500,23.022,16.547,2230529.7630000003,1375551.612,16.6,7.0,2,29.97,0.0,2,101,215,0,1,2,1,24,0,75.71,2.53
39,202,1598,1163050500,12.001,16.837,2230518.7430000002,1375551.2880000002,15.0,7.0,2,1.19,0.0,1,101,214,0,1,2,1,17,0,23.75,19.96
42,231,936,1163053400,-20.955,704.882,2230559.1969999997,1376237.995,12.5,6.5,2,18.76,-5.35,0,122,202,2,0,4,3,0,0,0.0,0.0
45,299,57,1163060200,22.127,2076.78,2230810.745,1377538.513,12.1,7.1,2,15.78,0.0,2,113,214,5,0,2,3,0,2,0.0,0.0
49,320,36,1163062300,16.689,2076.578,2230805.372,1377537.42,16.4,7.2,2,19.26,10.02,0,113,214,5,0,2,3,0,0,0.0,0.0
50,290,1573,1163059300,13.683,18.687,2230520.319,1375553.229,16.5,7.0,2,11.25,0.0,1,101,214,0,1,2,1,39,0,49.91,4.44
53,303,1428,1163060600,23.375999999999998,20.28,2230529.9080000003,1375555.3590000002,15.5,7.0,2,22.45,0.0,2,101,214,0,1,2,1,36,0,88.18,3.93
56,344,21,1163064700,24.925,2078.553,2230813.239,1377540.6930000002,13.6,7.5,2,21.69,0.0,2,113,214,5,0,2,3,0,2,0.0,0.0
59,344,1476,1163064700,23.555999999999997,30.997,2230530.6980000003,1375562.834,14.5,7.0,2,22.17,0.0,2,101,214,0,1,2,1,53,0,74.84,3.38
60,351,712,1163065400,15.106,17.799,2230521.789,1375552.4209999999,15.6,7.0,2,24.79,0.0,1,101,206,0,1,2,1,50,0,102.24,4.12
63,374,925,1163067700,12.289000000000001,25.265,2230519.004,1375558.033,19.1,7.0,2,25.54,0.0,1,101,221,0,1,2,1,60,0,29.71,1.16
67,398,18,1163070100,19.198,2075.516,2230808.044,1377536.8159999999,11.8,7.5,2,25.53,0.0,0,113,214,5,0,2,3,0,0,0.0,0.0
70,397,775,1163070000,13.34,24.058000000000003,2230519.954,1375556.745,17.5,7.0,2,27.2,0.0,1,101,212,0,1,2,1,63,0,43.85,1.61
72,446,26,1163074900,7.013,2058.6420000000003,2230798.586,1377518.274,15.9,6.9,2,18.2,-1.7,0,115,214,5,0,2,2,0,0,0.0,0.0
74,468,858,1163077100,3.725,1605.2779999999998,2230837.6769999997,1377066.4419999998,19.5,7.0,2,11.09,11.09,0,112,201,4,0,4,2,0,0,0.0,0.0
75,443,2377,1163074600,22.263,61.47,2230531.877,1375593.312,42.6,7.0,3,12.45,0.0,2,101,214,0,1,2,1,59,0,236.95,19.03
78,457,34,1163076000,-17.878,131.735,2230497.566,1375666.711,15.9,6.7,2,11.47,12.27,2,123,201,0,1,4,1,0,1676,0.0,0.0
83,493,53,1163079600,-1.107,2075.024,2230788.0530000003,1377533.2230000002,18.1,6.5,2,14.86,0.0,11,114,213,5,0,4,2,0,0,0.0,0.0
85,493,1259,1163079600,14.520999999999999,31.616,2230521.7430000002,1375564.1819999998,14.5,7.0,2,48.22,0.0,1,101,214,0,1,2,1,63,0,264.65,5.49
87,499,1018,1163080200,-19.408,2064.011,2230771.653,1377519.539,16.6,6.5,2,20.24,0.0,2,114,201,5,0,4,1,1669,0,342.91,16.94
88,499,1729,1163080200,-14.015,2078.6220000000003,2230774.747,1377534.803,16.5,6.5,2,18.81,0.0,1,114,202,5,0,4,1,1672,0,186.79,9.93
89,505,1273,1163080800,12.687999999999999,18.781,2230519.32,1375553.267,16.5,7.0,2,51.3,0.0,1,101,214,0,1,2,1,85,0,67.83,1.32
92,528,31,1163083100,-1.639,2073.788,2230787.716,1377531.92,15.5,6.5,2,11.36,0.0,11,114,213,5,0,4,2,0,0,0.0,0.0
93,528,1720,1163083100,-13.075999999999999,2076.346,2230776.023,1377532.698,17.1,6.5,2,15.72,0.0,1,114,201,5,0,4,1,1672,0,302.27,19.23
94,564,983,1163086700,-20.895,2064.551,2230770.101,1377519.845,18.6,6.5,2,26.37,0.0,2,114,223,5,0,4,1,87,0,213.59,8.1
95,577,2191,1163088000,14.37,20.631,2230520.8959999997,1375555.208,18.0,7.0,2,36.16,0.0,1,101,214,0,1,2,1,89,0,298.13,8.24
96,579,28,1163088200,6.267,2039.28,2230800.809,1377499.0280000002,38.2,8.0,3,16.92,0.0,11,114,213,5,0,4,2,0,0,0.0,0.0
103,610,230,1163091300,24.000999999999998,1648.237,2230857.313,1377109.5680000002,14.3,7.2,2,12.28,-3.76,0,112,214,4,0,2,3,0,0,0.0,0.0
107,704,934,1163100700,-15.263,1176.65,2230790.128,1376649.4430000002,12.2,6.7,2,20.92,-8.77,0,121,201,3,0,4,3,0,0,0.0,0.0
114,627,949,1163093000,-21.500999999999998,2060.565,2230770.1119999997,1377515.814,15.1,6.5,2,46.52,0.0,2,114,201,5,0,4,1,94,0,197.9,4.25
115,635,153,1163093800,0.619,225.396,2230531.8540000003,1375757.345,15.1,6.8,2,21.13,8.42,0,123,222,1,0,2,2,0,0,0.0,0.0
116,632,123,1163093500,-13.209000000000001,2071.348,2230776.656,1377527.7380000001,17.6,6.5,2,45.39,0.0,1,114,212,5,0,4,1,93,0,344.69,7.59
118,647,1917,1163095000,-14.431,2071.7929999999997,2230775.38,1377527.991,15.6,7.0,2,45.09,0.0,1,114,202,5,0,4,1,93,0,411.2,9.12
119,682,1211,1163098500,1.337,222.63099999999997,2230532.076,1375754.501,16.7,6.7,2,22.76,-4.95,0,123,214,1,0,2,2,0,0,0.0,0.0
123,677,125,1163098000,12.277999999999999,1230.869,2230836.425,1376688.5119999999,12.3,7.2,2,16.73,0.0,1,111,220,3,0,2,3,0,0,0.0,0.0
124,698,1568,1163100100,-12.884,2064.8360000000002,2230777.974,1377521.3530000001,20.0,6.5,2,37.79,0.0,1,114,201,5,0,4,1,118,0,231.88,6.14
131,740,185,1163104300,-4.261,2017.8470000000002,2230793.685,1377476.236,23.5,7.0,2,37.85,0.0,2,115,212,5,0,4,3,0,0,0.0,0.0
133,754,20,1163105700,-31.506,2066.8320000000003,2230759.265,1377520.476,28.1,7.0,3,14.59,0.0,2,114,215,5,0,4,3,114,0,603.67,41.38
134,760,1562,1163106300,-12.220999999999998,2061.567,2230779.129,1377518.2240000002,16.0,7.0,2,38.02,0.0,1,114,201,5,0,4,1,131,0,116.37,3.06
142,817,1118,1163112000,9.442,228.696,2230540.97,1375759.0769999998,16.0,8.5,2,10.75,-11.33,0,102,214,1,0,2,3,0,0,0.0,0.0
143,782,810,1163108500,-10.515999999999998,2050.519,2230782.504,1377507.5659999999,19.0,7.0,2,45.44,0.0,1,114,201,5,0,4,1,134,0,72.44,1.59
144,783,899,1163108600,-22.851,2056.85,2230769.346,1377511.936,18.5,7.0,2,28.38,0.0,2,115,223,5,0,4,3,0,0,0.0,0.0
146,792,1539,1163109500,-11.789000000000001,2060.92,2230779.655,1377517.65,17.5,6.0,2,43.82,0.0,1,114,201,5,0,4,1,134,0,117.3,2.68
154,806,1773,1163110900,-11.668,2063.553,2230779.372,1377520.271,18.5,7.0,2,38.87,0.0,1,114,202,5,0,4,1,134,0,173.7,4.47
156,826,31,1163112900,3.1,150.89,2230521.214,1375683.5380000002,18.0,8.5,2,18.33,-1.03,0,102,201,1,0,4,2,0,0,0.0,0.0
157,834,38,1163113700,6.596,164.278,2230527.002,1375696.096,18.7,8.0,2,19.01,-1.59,0,102,201,1,0,4,2,0,0,0.0,0.0
158,821,916,1163112400,-21.545,2068.2129999999997,2230768.898,1377523.365,16.5,7.0,2,25.75,0.0,2,114,223,5,0,4,1,144,0,141.2,5.48
160,920,1465,1163122300,-5.132000000000001,1525.239,2230829.108,1376986.2140000002,16.0,7.0,2,21.98,-0.96,1,120,201,0,4,4,1,124,146,104.81,4.77
163,857,38,1163116000,11.614,165.796,2230532.2090000003,1375696.7,16.0,8.5,2,24.22,-10.3,0,102,201,1,0,4,2,0,0,0.0,0.0
165,856,150,1163115900,19.673,1652.848,2230852.798,1377114.486,16.0,7.0,2,13.02,3.3,2,112,214,0,5,2,1,0,2,0.0,0.0
166,868,782,1163117100,13.775,228.355,2230545.319,1375757.9230000002,16.0,8.5,2,12.81,-6.47,0,102,222,1,0,2,3,0,0,0.0,0.0
169,868,42,1163117100,4.063,703.752,2230583.583,1376232.295,16.0,7.0,2,19.82,0.0,1,103,222,2,0,2,1,0,0,0.0,0.0
170,895,1831,1163119800,12.964,228.597,2230544.484,1375758.321,16.0,8.5,2,18.11,-6.82,0,102,214,1,0,2,3,0,0,0.0,0.0
172,891,1471,1163119400,-12.49,2070.17,2230777.547,1377526.6840000001,19.0,7.0,2,37.91,0.0,1,114,201,5,0,4,1,154,0,312.38,8.24
176,897,47,1163120000,14.34,690.2410000000001,2230591.201,1376217.125,18.1,8.5,2,17.36,0.0,1,103,222,2,0,2,1,0,0,0.0,0.0
177,925,1815,1163122800,11.874,228.153,2230543.386,1375758.105,16.0,8.5,2,15.64,-12.27,0,102,214,1,0,2,3,0,0,0.0,0.0
183,926,19,1163122900,-16.775,126.704,2230498.247,1375661.475,16.0,8.5,2,20.51,-6.52,2,123,201,0,1,4,1,0,11,0.0,0.0
186,959,1223,1163126200,-28.331,708.081,2230552.536,1376242.501,16.6,7.0,2,16.05,-4.7,0,122,202,2,0,4,3,0,0,0.0,0.0
187,943,1441,1163124600,-12.167,2063.567,2230778.876,1377520.208,16.0,7.0,2,35.87,0.0,1,114,201,5,0,4,1,172,0,205.83,5.74
188,957,351,1163126000,-13.505999999999998,2069.605,2230776.629,1377525.97,20.0,7.0,2,34.9,0.0,1,114,212,5,0,4,1,172,0,267.64,7.67
192,976,1268,1163127900,-24.596,2066.401,2230766.16,1377521.1069999998,18.5,7.0,2,33.66,0.0,2,114,201,5,0,4,1,144,0,544.07,16.16
193,983,39,1163128600,-2.439,2071.903,2230787.214,1377529.935,18.5,7.0,2,23.58,0.0,11,114,213,5,0,4,2,0,0,0.0,0.0
194,1054,1189,1163135700,-28.774,709.8330000000001,2230552.426,1376244.322,20.6,8.0,2,13.2,10.14,0,122,202,2,0,4,3,0,0,0.0,0.0
196,1002,35,1163130500,-4.942,2071.876,2230784.745,1377529.525,18.0,7.0,2,24.98,0.0,11,114,213,5,0,4,2,0,0,0.0,0.0
197,1003,42,1163130600,9.371,696.2719999999999,2230587.426,1376223.967,16.0,6.0,2,19.03,0.0,1,103,222,2,0,2,1,0,0,0.0,0.0
198,1011,1579,1163131400,-6.202999999999999,1660.356,2230826.6980000003,1377121.0569999998,16.0,7.0,2,21.74,0.0,1,118,202,0,5,4,1,0,0,0.0,0.0
200,1060,1712,1163136300,2.674,200.99599999999998,2230529.59,1375732.939,16.5,8.5,2,10.47,-1.08,0,123,214,1,0,2,2,0,0,0.0,0.0
205,1073,22,1163137600,-3.0180000000000002,2057.085,2230788.9069999997,1377515.216,16.2,7.0,2,19.97,-1.86,0,115,214,5,0,2,2,0,0,0.0,0.0
209,1075,993,1163137800,-12.602,1663.6960000000001,2230820.165,1377124.128,16.0,7.0,2,17.18,0.0,1,118,223,0,5,4,1,0,0,0.0,0.0
210,1091,23,1163139400,-5.325,2051.109,2230787.544,1377508.946,16.0,7.0,2,17.11,-5.7,0,115,214,5,0,2,2,0,0,0.0,0.0
214,1142,1055,1163144500,-27.276999999999997,706.061,2230553.2,1376240.3190000001,16.0,7.0,2,17.23,-5.34,0,122,202,2,0,4,3,0,0,0.0,0.0
220,1218,604,1163152100,6.657,1570.399,2230840.879,1377031.015,13.0,7.0,2,35.31,11.37,11,120,214,0,4,2,1,36,0,272.71,7.72
222,1210,464,1163151300,12.46,92.01700000000001,2230524.579,1375624.552,27.0,7.0,3,9.91,0.0,1,101,222,0,1,2,1,170,0,500.19,50.47
224,1216,61,1163151900,22.605,76.998,2230533.475,1375608.761,20.0,7.0,2,10.46,0.0,2,101,202,0,1,2,1,200,0,507.5,48.52
225,1241,983,1163154400,-30.608,712.373,2230551.116,1376247.291,15.5,7.0,2,18.49,10.24,0,122,202,2,0,4,3,0,0,0.0,0.0
227,1241,601,1163154400,16.745,693.807,2230594.221,1376220.188,16.3,7.0,2,17.36,0.0,1,103,214,2,0,2,3,0,0,0.0,0.0
231,1319,50,1163162200,-20.811999999999998,131.986,2230494.653,1375667.086,13.5,8.0,2,8.52,-1.07,2,123,201,0,1,4,1,0,94,0.0,0.0
234,1300,49,1163160300,3.272,131.569,2230518.624,1375664.718,22.0,7.0,2,5.0,0.0,11,101,223,0,1,2,1,0,0,0.0,0.0
236,1331,35,1163163400,3.9189999999999996,128.173,2230518.994,1375661.281,22.0,7.0,2,15.56,0.0,11,101,223,0,1,2,1,0,0,0.0,0.0
237,1358,27,1163166100,21.965999999999998,2065.303,2230812.3419999997,1377527.1469999999,13.0,7.0,2,22.64,0.0,0,113,214,5,0,2,3,0,0,0.0,0.0
239,1367,1347,1163167000,10.074,167.15099999999998,2230530.934,1375698.321,33.0,7.0,3,41.94,0.0,3,102,214,1,0,2,3,0,0,0.0,0.0
240,1381,1160,1163168400,13.383,82.039,2230524.691,1375614.532,24.0,7.0,2,40.94,0.0,1,101,215,0,1,2,1,222,0,420.16,10.26
242,1419,34,1163172200,-22.245,129.25799999999998,2230492.999,1375664.425,16.0,8.5,2,13.19,-2.78,2,123,201,0,1,4,1,0,87,0.0,0.0
245,1411,873,1163171400,13.862,82.47,2230525.204,1375614.9230000002,21.5,7.0,2,37.8,0.0,1,101,221,0,1,2,1,239,0,261.89,6.93
246,1435,28,1163173800,-4.553999999999999,2049.756,2230788.509,1377507.747,11.0,7.0,2,15.69,-1.91,0,115,214,5,0,2,2,0,0,0.0,0.0
247,1431,1331,1163173400,15.775,84.515,2230527.276,1375616.8059999999,26.0,7.0,3,40.5,0.0,1,101,214,0,1,2,1,240,0,196.94,4.86
249,1614,803,1163191700,-26.125,707.492,2230554.595,1376241.509,16.6,7.0,2,11.07,-3.14,0,122,223,2,0,4,3,0,0,0.0,0.0
250,1449,173,1163175200,0.774,1712.2920000000001,2230831.397,1377173.2519999999,19.2,7.0,2,14.2,0.0,11,118,215,0,5,2,1,0,0,0.0,0.0
251,1500,360,1163180300,25.331,1807.0870000000002,2230848.097,1377269.996,15.1,7.0,2,8.62,-1.28,2,116,214,0,5,2,1,220,227,61.59,7.14
252,1469,1350,1163177200,22.555,90.008,2230534.478,1375621.7319999998,21.0,6.0,2,47.92,0.0,2,101,213,0,1,2,1,1708,0,422.05,8.81
253,1514,1329,1163181700,16.37,93.986,2230528.636,1375626.198,26.6,7.0,3,48.34,0.0,1,101,214,0,1,2,1,247,0,276.91,5.73
254,1534,769,1163183700,14.682,98.523,2230527.321,1375630.8569999998,22.0,7.0,2,50.11,0.0,1,101,221,0,1,2,1,247,0,330.8,6.6
255,1607,1714,1163191000,-7.417000000000001,1508.306,2230826.599,1376969.399,16.0,7.0,2,16.14,-0.88,1,120,201,0,4,4,1,1709,0,102.71,6.36
256,1552,2143,1163185500,14.394,93.59,2230526.634,1375625.9630000002,23.0,7.0,2,23.53,0.0,1,101,214,0,1,2,1,247,0,372.06,15.81
258,1617,31,1163192000,0.42700000000000005,2065.774,2230790.984,1377524.3159999999,19.2,7.0,2,26.54,0.0,11,114,213,5,0,4,2,0,0,0.0,0.0
259,1634,64,1163193700,23.383000000000003,94.04700000000001,2230535.631,1375625.6909999999,22.0,7.0,2,23.14,0.0,2,101,202,0,1,2,1,252,0,533.74,23.07
261,1678,1235,1163198100,9.922,217.96900000000002,2230539.703,1375748.333,16.0,8.5,2,17.38,11.2,0,123,214,1,0,2,2,0,0,0.0,0.0
262,1654,1240,1163195700,23.883000000000003,94.068,2230536.131,1375625.6709999999,20.0,7.0,2,16.92,0.0,2,101,214,0,1,2,1,259,0,39.35,2.33
263,1666,1617,1163196900,-12.265999999999998,2068.8160000000003,2230777.975,1377525.38,19.1,6.5,2,20.7,0.0,1,114,201,5,0,4,1,255,0,684.05,33.05
265,1702,238,1163200500,13.965,215.125,2230543.3219999997,1375744.8269999998,16.6,8.5,2,20.27,8.32,0,123,203,1,0,2,2,0,0,0.0,0.0
266,1690,446,1163199300,-9.425,2068.159,2230780.883,1377525.166,15.0,6.5,2,28.12,0.0,1,114,206,5,0,4,1,255,0,741.03,26.35
267,1699,415,1163200200,4.371,82.06700000000001,2230515.711,1375615.29,21.5,7.0,2,19.29,0.0,11,101,223,0,1,2,1,0,0,0.0,0.0
268,2107,440,1163241000,-26.09,710.625,2230555.207,1376244.592,16.8,7.0,2,15.45,-1.27,0,122,203,2,0,4,1,0,0,0.0,0.0
269,1710,868,1163201300,-22.557,2067.7039999999997,2230767.976,1377522.707,21.0,6.0,2,24.93,0.0,2,114,201,5,0,4,1,249,0,1588.91,63.73
270,1711,823,1163201400,-13.203,2071.598,2230776.624,1377527.986,17.0,5.5,2,30.46,0.0,1,114,223,5,0,4,1,263,0,132.31,4.34
271,1714,529,1163201700,23.996,85.495,2230535.549,1375617.1169999999,23.0,6.5,2,18.88,0.0,2,101,202,0,1,2,1,262,0,55.04,2.92
273,1739,17,1163204200,-19.791,122.90100000000001,2230494.935,1375657.946,14.0,8.5,2,23.67,-4.63,2,123,201,0,1,4,1,0,192,0.0,0.0
275,1743,1563,1163204600,-12.239,2070.161,2230777.796,1377526.7140000002,18.0,6.5,2,24.11,0.0,1,114,201,5,0,4,1,270,0,124.02,5.14
280,1777,393,1163208000,-10.289000000000001,2059.015,2230781.429,1377515.997,15.0,7.0,2,25.95,0.0,1,114,206,5,0,4,1,275,0,90.07,3.47
281,1777,135,1163208000,-2.01,2069.297,2230788.037,1377527.425,18.0,7.0,2,4.14,0.0,11,114,213,5,0,4,2,0,0,0.0,0.0
284,1787,656,1163209000,-22.513,2069.078,2230767.809,1377524.071,19.6,7.0,2,20.15,0.0,2,114,222,5,0,4,1,269,0,312.09,15.49
290,1815,1424,1163211800,-21.704,2062.117,2230769.674,1377517.3159999999,17.0,7.0,2,21.34,0.0,2,114,223,5,0,4,1,270,0,514.22,24.1
292,1816,201,1163211900,-12.599,2065.847,2230778.101,1377522.395,15.0,7.0,2,24.93,0.0,1,114,210,5,0,4,1,280,0,130.2,5.22
296,1840,1449,1163214300,-13.128,2064.996,2230777.708,1377521.4730000002,18.0,7.0,2,34.75,0.0,1,114,223,5,0,4,1,280,0,217.51,6.26
299,1853,157,1163215600,-11.564,2065.2889999999998,2230779.2090000003,1377522.0019999999,16.0,7.0,2,30.92,0.0,1,114,212,5,0,4,1,292,0,110.02,3.56
307,2025,1018,1163232800,7.954,196.229,2230533.951,1375727.32,18.0,8.5,2,2.27,-0.09,0,123,214,1,0,2,2,0,0,0.0,0.0
308,1900,1237,1163220300,-10.14,2063.5789999999997,2230780.878,1377520.53,20.2,7.0,2,21.2,0.0,1,114,202,5,0,4,1,299,0,156.96,7.4
309,1905,29,1163220800,0.467,2063.255,2230791.409,1377521.833,19.8,7.0,2,19.79,0.0,11,114,213,5,0,4,2,0,0,0.0,0.0
310,1910,1430,1163221300,-23.384,2074.265,2230766.155,1377529.064,16.5,7.0,2,17.52,0.0,2,114,201,5,0,4,1,290,0,276.19,15.76
311,1919,25,1163222200,-2.38,2070.104,2230787.548,1377528.166,16.0,7.0,2,26.97,0.0,11,114,213,5,0,4,2,0,0,0.0,0.0
313,1942,24,1163224500,3.438,2055.2889999999998,2230795.5640000002,1377514.415,15.0,7.0,2,26.18,0.0,11,114,213,5,0,4,2,0,0,0.0,0.0
315,1943,1328,1163224600,-11.138,2060.25,2230780.401,1377517.0880000002,15.0,7.0,2,35.37,0.0,1,114,223,5,0,4,1,308,0,107.12,3.03
316,1943,18,1163224600,-26.665,2073.209,2230763.074,1377527.5180000002,16.0,6.5,2,21.85,0.0,2,114,215,5,0,4,3,290,0,384.69,17.61
318,1961,1198,1163226400,-12.940999999999999,2071.1929999999998,2230776.945,1377527.626,17.6,7.0,2,32.36,0.0,1,114,202,5,0,4,1,308,0,172.32,5.33
319,1977,21,1163228000,-24.482,128.708,2230490.7290000003,1375664.112,14.0,8.0,2,19.73,-9.9,2,123,201,0,1,4,1,0,192,0.0,0.0
320,1976,1351,1163227900,-14.627,2065.133,2230776.206,1377521.38,15.0,7.0,2,34.98,0.0,1,114,201,5,0,4,1,315,0,117.37,3.36
321,1976,6,1163227900,-29.971999999999998,2069.97,2230760.301,1377523.812,17.7,6.0,2,0.0,0.0,2,114,215,5,0,4,3,310,0,0.0,0.0
323,1983,23,1163228600,9.305,2055.827,2230801.28,1377515.845,29.3,8.0,3,25.66,0.0,11,114,213,5,0,4,2,0,0,0.0,0.0
329,2012,11,1163231500,15.325,2029.713,2230811.225,1377490.96,17.4,7.0,2,25.83,0.0,2,115,213,5,0,4,1,0,0,0.0,0.0
330,2012,26,1163231500,5.162999999999999,2054.991,2230797.3140000002,1377514.385,17.3,7.0,2,21.83,0.0,11,114,213,5,0,4,2,0,0,0.0,0.0
332,2013,37,1163231600,10.800999999999998,697.318,2230589.023,1376224.7319999998,13.0,7.0,2,22.81,0.0,1,103,222,2,0,2,1,0,0,0.0,0.0
334,2016,1741,1163231900,11.849,71.038,2230522.2709999997,1375603.6909999999,18.5,7.0,2,0.0,0.0,1,101,214,0,1,2,1,1689,0,35.01,9999.99
335,2016,274,1163231900,23.679000000000002,75.292,2230534.4069999997,1375606.9740000002,14.6,7.0,2,4.24,0.0,2,101,202,0,1,2,1,271,0,43.21,10.19
336,2145,1300,1163244800,-8.721,1528.82,2230825.519,1376989.795,15.5,7.0,2,14.38,-5.09,1,120,223,0,4,4,1,318,0,96.35,6.7
337,2061,844,1163236400,9.482999999999999,206.665,2230537.288,1375737.323,14.0,8.0,2,17.77,-4.35,0,123,214,1,0,2,2,0,0,0.0,0.0
339,2083,29,1163238600,-2.657,2055.083,2230789.5730000003,1377513.275,17.9,7.0,2,19.01,-3.28,0,115,214,5,0,2,2,0,0,0.0,0.0
340,2074,10,1163237700,1.72,73.861,2230512.404,1375607.325,17.5,7.0,2,10.99,0.0,11,101,201,0,1,2,1,267,0,49.56,4.51
342,2102,24,1163240500,-1.68,2053.385,2230790.794,1377511.7759999998,14.7,7.0,2,20.25,-3.13,0,115,214,5,0,2,2,0,0,0.0,0.0
343,2125,24,1163242800,-3.1310000000000002,2058.496,2230788.582,1377516.58,11.0,7.0,2,20.79,-1.43,0,115,214,5,0,2,2,0,0,0.0,0.0
344,2112,31,1163241500,1.9180000000000001,128.168,2230516.999,1375661.438,16.5,7.0,2,22.71,0.0,11,101,223,0,1,2,1,0,0,0.0,0.0
345,2195,375,1163249800,-6.746,1988.401,2230795.692,1377447.031,15.0,7.0,2,29.92,12.27,0,115,221,5,0,4,3,0,0,0.0,0.0
346,2164,31,1163246700,1.9040000000000001,2047.668,2230795.215,1377506.646,11.0,7.0,2,17.29,-3.92,0,115,214,5,0,2,2,0,0,0.0,0.0
347,2168,1547,1163247100,23.093000000000004,65.509,2230533.031,1375597.27,19.5,7.0,2,0.0,0.0,2,101,214,0,1,2,1,335,0,26.79,9999.99
349,2236,1186,1163253900,-10.627,1984.736,2230792.462,1377442.5259999998,13.0,7.0,2,20.32,2.87,0,115,201,0,5,4,1,0,0,0.0,0.0
352,2252,1156,1163255500,-19.02,1180.013,2230787.929,1376653.811,15.0,6.5,2,18.44,-0.69,0,121,201,3,0,4,3,0,0,0.0,0.0
356,2262,129,1163256500,3.67,128.10399999999998,2230518.74,1375661.2319999998,23.5,6.5,2,0.0,0.0,11,101,223,0,1,2,1,0,0,0.0,0.0
357,2271,1290,1163257400,22.585,77.498,2230533.495,1375609.261,17.5,7.0,2,16.93,0.0,2,101,215,0,1,2,1,347,0,39.25,2.32
360,2280,867,1163258300,12.665999999999999,63.565,2230522.481,1375596.177,18.5,7.0,2,15.05,0.0,1,101,207,0,1,2,1,334,0,71.57,4.76
361,2357,87,1163266000,-21.587,137.407,2230494.356,1375673.5469999998,15.0,7.5,2,6.77,10.02,0,123,201,1,0,4,3,0,0,0.0,0.0
363,2292,1305,1163259500,5.782,227.237,2230537.256,1375758.227,19.5,7.0,2,33.24,0.0,3,102,215,1,0,2,3,0,0,0.0,0.0
366,2315,1457,1163261800,12.412,69.56,2230522.713,1375602.1730000002,19.5,7.0,2,20.33,0.0,1,101,214,0,1,2,1,360,0,56.22,2.77
369,2357,42,1163266000,-0.006999999999999999,2044.45,2230793.818,1377503.177,17.5,8.5,2,11.58,-1.32,0,115,214,5,0,2,2,0,0,0.0,0.0
370,2342,1390,1163264500,13.847000000000001,71.122,2230524.27,1375603.6130000001,18.5,7.0,2,21.8,0.0,1,101,214,0,1,2,1,366,0,55.61,2.55
371,2360,1395,1163266300,22.403000000000002,69.984,2230532.705,1375601.7859999998,20.5,7.0,2,36.81,0.0,2,101,214,0,1,2,1,357,0,242.41,6.59
373,2379,1437,1163268200,14.394,34.611999999999995,2230521.859,1375567.179,20.5,7.0,2,32.97,0.0,1,101,214,0,1,2,1,360,0,263.8,8.0
374,2442,839,1163274500,-30.234,711.465,2230551.315,1376246.322,14.7,7.0,2,16.98,10.02,0,122,201,2,0,4,3,0,0,0.0,0.0
375,2407,1167,1163271000,-8.527999999999999,1985.763,2230794.381,1377443.851,15.0,7.0,2,36.69,-10.68,1,115,223,0,5,4,1,352,0,1046.35,28.52
376,2416,43,1163271900,6.27,2053.655,2230798.613,1377513.2340000002,14.0,7.0,2,14.48,-1.66,0,115,214,5,0,2,2,0,0,0.0,0.0
378,2425,35,1163272800,-18.287,130.495,2230497.049,1375665.394,14.0,8.5,2,11.87,-1.09,2,123,201,0,1,4,1,0,270,0.0,0.0
379,2427,326,1163273000,-7.185,1994.129,2230794.433,1377452.292,11.0,7.0,2,28.02,4.98,0,115,221,5,0,4,3,0,0,0.0,0.0
380,2413,1355,1163271600,23.333000000000002,107.057,2230536.634,1375638.6619999998,29.5,7.0,3,35.11,0.0,2,101,214,0,1,2,1,371,0,148.29,4.22
381,2414,48,1163271700,6.544,66.309,2230516.601,1375599.407,26.0,7.0,3,37.78,0.0,11,101,223,0,1,2,1,0,0,0.0,0.0
383,2438,32,1163274100,-0.39,2054.605,2230791.886,1377513.155,17.3,7.5,2,17.29,-2.91,0,115,214,5,0,2,2,0,0,0.0,0.0
385,2429,686,1163273200,13.564,30.574,2230520.705,1375563.221,21.0,7.0,2,42.95,0.0,1,101,206,0,1,2,1,370,0,305.58,7.11
388,2450,1183,1163275300,22.857,47.483000000000004,2230531.336,1375579.322,14.5,7.0,2,35.64,0.0,2,101,215,0,1,2,1,380,0,190.83,5.35
389,2476,1327,1163277900,24.528000000000002,67.071,2230534.588,1375598.711,16.0,6.0,2,34.45,0.0,2,101,214,0,1,2,1,380,0,257.05,7.46
390,2476,1375,1163277900,12.774000000000001,31.541,2230519.995,1375564.249,14.5,6.5,2,34.61,0.0,1,101,214,0,1,2,1,385,0,204.01,5.89
391,2501,31,1163280400,1.861,2064.442,2230792.605,1377523.219,16.6,6.5,2,20.27,0.0,11,114,213,5,0,4,2,0,0,0.0,0.0
392,2525,29,1163282800,4.356,2054.871,2230796.535,1377514.1430000002,12.6,6.5,2,19.37,0.0,11,114,213,5,0,4,2,0,0,0.0,0.0
393,2536,40,1163283900,1.234,2059.7070000000003,2230792.71,1377518.4440000001,18.3,6.1,2,23.28,0.0,11,114,213,5,0,4,2,0,0,0.0,0.0
396,2562,1319,1163286500,12.048,232.308,2230544.308,1375762.08,15.5,6.7,2,13.09,-7.15,0,102,214,1,0,2,3,0,0,0.0,0.0
397,2566,26,1163286900,7.06,2043.795,2230800.902,1377503.611,15.5,6.7,2,16.8,0.0,11,114,213,5,0,4,2,0,398,0.0,0.0
398,2566,48,1163286900,-0.165,2063.495,2230790.748,1377521.9740000002,15.1,6.0,2,19.19,0.0,11,114,213,5,0,4,2,397,0,19.7,1.03
399,2601,1698,1163290400,0.028999999999999998,1529.5629999999999,2230834.269,1376990.5380000002,15.3,6.8,2,23.52,-2.27,1,111,201,0,4,4,1,375,0,242.63,10.32
400,2588,45,1163289100,-0.618,2065.258,2230790.031,1377523.6469999999,14.5,6.0,2,18.83,0.0,11,114,213,5,0,4,2,0,0,0.0,0.0
405,2623,1646,1163292600,-10.217,2071.0170000000003,2230779.663,1377527.869,15.5,6.5,2,23.9,0.0,1,114,223,5,0,4,1,399,0,591.51,24.75
407,2623,1638,1163292600,-18.672,2063.491,2230772.46,1377519.138,16.1,6.0,2,27.4,0.0,2,114,201,5,0,4,1,379,0,785.89,28.68
410,2653,1184,1163295600,6.449,216.108,2230536.119,1375746.946,15.2,6.4,2,17.87,10.02,0,123,213,1,0,2,2,0,0,0.0,0.0
411,2638,43,1163294100,9.746,174.50900000000001,2230531.902,1375705.622,14.4,7.2,2,22.85,-1.19,0,102,201,1,0,4,2,0,0,0.0,0.0
412,2639,7,1163294200,24.034000000000002,2070.599,2230813.575,1377532.697,13.6,7.2,2,0.0,0.0,11,114,214,5,0,2,2,0,0,0.0,0.0
413,2651,1665,1163295400,-10.404000000000002,2064.019,2230780.549,1377520.925,15.3,6.6,2,25.78,0.0,1,114,201,5,0,4,1,399,0,649.35,25.19
415,2651,1720,1163295400,-21.171,2063.558,2230769.98,1377518.822,15.6,6.0,2,26.92,0.0,2,114,201,5,0,4,1,379,0,795.73,29.56
418,2673,903,1163297600,-6.444,2053.16,2230786.124,1377510.799,14.6,6.0,2,32.81,0.0,1,114,202,5,0,4,1,405,0,105.19,3.21
419,2689,1602,1163299200,-8.666,2054.22,2230783.766,1377511.507,16.1,6.5,2,33.67,0.0,1,114,201,5,0,4,1,413,0,100.75,2.99
420,2715,1603,1163301800,-8.452,2062.216,2230782.754,1377519.4419999998,14.6,6.5,2,23.91,0.0,1,114,201,5,0,4,1,419,0,94.35,3.95
423,2737,779,1163304000,-21.155,2054.805,2230771.335,1377510.174,17.0,6.5,2,21.45,0.0,2,115,222,5,0,4,3,0,0,0.0,0.0
424,2737,141,1163304000,-11.390999999999998,2064.547,2230779.4930000002,1377521.295,13.2,6.6,2,37.02,0.0,1,114,212,5,0,4,1,419,0,167.77,4.53
432,2753,1355,1163305600,-21.325,2057.81,2230770.707,1377513.118,14.0,6.0,2,21.82,0.0,2,114,202,5,0,4,1,415,0,280.45,12.85
443,2757,1574,1163306000,-13.587,2066.493,2230777.025,1377522.8830000001,15.5,7.0,2,37.46,0.0,1,114,201,5,0,4,1,420,0,134.54,3.59
449,2785,1564,1163308800,-10.592,2057.0229999999997,2230781.434,1377513.9819999998,15.0,6.5,2,33.16,0.0,1,114,201,5,0,4,1,443,0,94.98,2.86
450,2785,393,1163308800,-22.717,2061.849,2230768.713,1377516.896,17.0,7.0,2,20.1,0.0,2,114,221,5,0,4,1,432,0,73.77,3.67
451,2809,26,1163311200,-30.648000000000003,174.421,2230492.065,1375712.3190000001,17.5,6.5,2,22.22,-4.82,0,123,223,1,0,2,2,0,0,0.0,0.0
455,2813,598,1163311600,-27.345,704.159,2230552.785,1376238.469,16.6,6.5,2,13.79,-0.98,0,122,201,2,0,4,3,0,0,0.0,0.0
460,2813,1619,1163311600,-10.227,2052.011,2230782.562,1377509.085,16.0,6.5,2,38.12,0.0,1,114,201,5,0,4,1,449,0,88.19,2.31
461,2813,1568,1163311600,-21.241999999999997,2051.556,2230771.746,1377506.95,15.1,6.5,2,21.37,0.0,2,115,201,5,0,4,3,0,0,0.0,0.0
464,2828,1603,1163313100,-21.954,2062.3289999999997,2230769.394,1377517.487,16.0,6.5,2,19.89,0.0,2,114,201,5,0,4,1,450,0,86.98,4.37
468,2840,1296,1163314300,-10.802,2058.529,2230780.996,1377515.438,16.0,7.0,2,38.34,0.0,1,114,202,5,0,4,1,460,0,106.42,2.78
475,2851,1533,1163315400,-22.823,2057.617,2230769.256,1377512.698,15.0,7.0,2,19.6,0.0,2,115,223,5,0,4,3,0,0,0.0,0.0
476,2987,154,1163329000,-5.215,161.92,2230514.955,1375695.8080000002,14.3,7.2,2,33.06,-12.27,0,102,201,1,0,4,2,0,0,0.0,0.0
480,2863,1592,1163316600,-9.972000000000001,2061.508,2230781.361,1377518.509,15.7,6.8,2,36.45,0.0,1,114,201,5,0,4,1,468,0,91.14,2.5
483,2868,1557,1163317100,-22.035,2059.33,2230769.773,1377514.511,16.3,6.6,2,33.0,0.0,2,114,201,5,0,4,1,464,0,85.53,2.59
486,2882,160,1163318500,-10.923,2054.03,2230781.565,1377510.9740000002,16.5,7.0,2,35.83,0.0,1,114,212,5,0,4,1,464,0,116.22,3.24
488,2882,59,1163318500,-2.434,2062.806,2230788.611,1377520.945,16.5,6.5,2,11.54,0.0,11,114,213,5,0,4,2,0,0,0.0,0.0
489,2883,138,1163318600,23.995,56.038999999999994,2230533.163,1375587.7580000001,17.0,7.0,2,23.22,0.0,2,101,202,0,1,2,1,410,0,589.49,25.39
491,2914,1629,1163321700,4.543,219.47299999999998,2230534.673,1375750.801,17.5,6.5,2,18.4,-1.64,0,123,215,1,0,2,2,0,0,0.0,0.0
492,2892,320,1163319500,-16.616,2056.1839999999997,2230775.609,1377512.231,16.2,6.6,2,33.75,0.0,1,114,212,5,0,4,1,480,0,98.9,2.93
496,2920,704,1163322300,-19.695999999999998,2053.264,2230773.012,1377508.875,16.5,6.5,2,35.16,0.0,2,115,222,5,0,4,3,0,0,0.0,0.0
497,2924,439,1163322700,-10.632,2055.5229999999997,2230781.624,1377512.494,15.5,6.5,2,43.65,0.0,1,114,212,5,0,4,1,492,0,104.33,2.39
499,2945,5,1163324800,3.614,88.204,2230515.453,1375621.468,17.0,7.0,2,0.0,0.0,11,101,201,0,1,2,1,0,0,0.0,0.0
500,2947,1540,1163325000,-12.145,2055.063,2230780.199,1377511.8080000002,16.0,6.5,2,41.86,0.0,1,114,201,5,0,4,1,497,0,98.24,2.35
503,2952,19,1163325500,-17.808,133.086,2230497.736,1375667.937,14.5,6.7,2,25.02,0.0,2,101,201,0,1,4,1,0,290,0.0,0.0
504,2942,39,1163324500,2.037,2061.686,2230793.201,1377520.523,14.2,6.6,2,19.09,0.0,11,114,213,5,0,4,2,0,0,0.0,0.0
505,2961,29,1163326400,-1.5490000000000002,2058.531,2230790.14,1377516.856,16.6,6.5,2,21.69,0.0,11,114,213,5,0,4,2,0,0,0.0,0.0
509,2969,1536,1163327200,-11.435,2053.544,2230781.133,1377510.415,15.0,7.0,2,40.74,0.0,1,114,201,5,0,4,1,500,0,91.34,2.24
512,2990,1468,1163329300,-11.542,2049.545,2230781.639,1377506.447,16.0,7.0,2,41.9,0.0,2,115,201,5,0,4,3,0,0,0.0,0.0
513,3038,162,1163334100,-23.354,702.96,2230556.4869999997,1376236.554,14.7,6.6,2,17.67,-2.37,0,122,202,2,0,4,3,0,0,0.0,0.0
517,3063,17,1163336600,-2.6639999999999997,2054.8179999999998,2230789.606,1377513.0159999998,16.2,6.8,2,17.28,0.0,0,114,214,5,0,2,2,0,0,0.0,0.0
518,3082,37,1163338500,1.589,144.628,2230518.627,1375677.6369999999,13.5,7.0,2,19.57,0.0,9999,123,223,1,0,2,2,0,0,0.0,0.0
519,3088,25,1163339100,-8.907,2050.11,2230784.1569999997,1377507.409,14.8,6.8,2,16.51,0.0,0,115,214,5,0,2,2,0,0,0.0,0.0
523,3114,29,1163341700,5.462000000000001,2057.6620000000003,2230797.201,1377517.07,14.9,6.8,2,17.42,-0.59,0,115,214,5,0,2,2,0,0,0.0,0.0
524,3099,797,1163340200,9.986,260.0,2230545.027,1375790.951,16.5,7.0,2,26.33,0.0,3,102,214,0,2,2,1,0,0,0.0,0.0
525,3126,287,1163342900,-3.9739999999999998,1992.815,2230797.8,1377451.531,16.6,6.5,2,20.73,-4.91,0,115,212,5,0,4,3,0,0,0.0,0.0
527,3135,26,1163343800,1.3319999999999999,2055.016,2230793.525,1377513.823,15.5,6.8,2,16.32,-1.44,0,115,214,5,0,2,2,0,0,0.0,0.0
529,3130,90,1163343300,24.112,53.291000000000004,2230533.057,1375585.01,15.1,7.0,2,26.65,0.0,2,101,202,0,1,2,1,410,0,592.61,22.24
530,3130,782,1163343300,12.133,52.533,2230521.056,1375585.2240000002,16.5,7.0,2,32.81,0.0,1,101,214,0,1,2,1,524,0,286.3,8.73
532,3146,1257,1163344900,-13.832,1996.592,2230787.4790000003,1377453.767,15.7,6.9,2,18.25,-1.18,0,115,201,5,0,4,3,0,0,0.0,0.0
533,3141,16,1163344400,-20.678,132.119,2230494.797,1375667.205,12.1,6.7,2,24.53,0.0,2,123,201,0,1,4,1,0,290,0.0,0.0
535,3161,25,1163346400,-2.0469999999999997,2058.679,2230789.625,1377516.926,17.4,7.0,2,16.15,-0.99,0,115,214,5,0,2,2,0,0,0.0,0.0
537,3174,27,1163347700,-7.756,2049.429,2230785.399,1377506.9119999998,16.6,6.7,2,17.36,-1.34,0,115,214,5,0,2,2,0,0,0.0,0.0
539,3177,22,1163348000,-20.319000000000003,130.752,2230495.044,1375665.814,13.0,6.5,2,22.73,0.0,2,123,201,0,1,4,1,0,290,0.0,0.0
542,3173,57,1163347600,5.472,79.775,2230516.623,1375612.916,16.0,7.0,2,12.04,0.0,11,101,201,0,1,2,1,0,543,0.0,0.0
543,3173,58,1163347600,7.2410000000000005,26.302,2230514.056,1375559.475,17.0,7.0,2,24.95,0.0,11,101,201,0,1,2,1,542,0,53.47,2.14
544,3196,27,1163349900,-3.6489999999999996,2054.669,2230788.656,1377512.718,15.7,7.0,2,16.73,-1.36,0,115,214,5,0,2,2,0,0,0.0,0.0
545,3188,680,1163349100,22.516,43.715,2230530.691,1375575.594,17.1,7.0,2,33.74,0.0,2,101,214,0,1,2,1,410,0,602.27,17.85
546,3197,265,1163350000,5.349,35.48,2230512.914,1375568.7759999998,16.1,7.0,2,14.38,0.0,11,101,223,0,1,2,1,543,0,38.6,2.68
556,3230,1434,1163353300,13.707,62.608000000000004,2230523.441,1375595.139,17.0,7.0,2,39.75,0.0,1,101,214,0,1,2,1,524,0,535.86,13.48
558,3241,14,1163354400,23.34,2063.365,2230813.996,1377525.4419999998,14.7,7.5,2,18.78,0.0,11,114,214,5,0,2,2,0,0,0.0,0.0
559,3266,894,1163356900,-13.552,1991.366,2230788.555,1377448.646,15.4,6.5,2,23.6,-2.67,0,115,202,5,0,4,3,0,0,0.0,0.0
562,3258,1415,1163356100,24.513,114.613,2230538.422,1375646.0980000002,17.0,7.0,2,33.95,0.0,2,101,214,0,1,2,1,545,0,167.15,4.92
564,3258,1395,1163356100,14.219000000000001,74.141,2230524.885,1375606.592,16.0,7.0,2,36.64,0.0,1,101,213,0,1,2,1,530,0,225.9,6.17
567,3355,1985,1163365800,0.166,2010.379,2230799.201,1377469.54,15.1,7.1,2,9.5,8.62,0,113,201,5,0,4,2,0,0,0.0,0.0
569,3348,131,1163365100,-2.5989999999999998,1672.382,2230829.797,1377133.2230000002,14.7,6.6,2,6.46,-0.13,1,118,212,0,5,4,1,532,559,0.0,0.0
575,3352,199,1163365500,-27.195999999999998,711.671,2230554.313,1376245.826,14.2,6.5,2,19.18,0.0,0,122,202,2,0,4,3,0,0,0.0,0.0
577,3385,25,1163368800,-0.01,159.80200000000002,2230519.716,1375692.856,17.5,7.0,2,18.96,0.0,9999,123,223,1,0,2,2,0,0,0.0,0.0
578,3385,52,1163368800,4.002,126.255,2230518.921,1375659.362,19.0,7.0,2,16.51,0.0,11,101,223,0,1,2,1,0,546,0.0,0.0
579,3385,882,1163368800,14.044,113.66799999999999,2230527.911,1375646.004,17.5,7.0,2,47.48,0.0,1,101,221,0,1,2,1,556,0,446.24,9.4
584,3444,43,1163374700,5.322,2052.825,2230797.8030000003,1377512.269,15.5,7.0,2,12.86,-1.57,0,115,214,5,0,2,2,0,0,0.0,0.0
585,3444,35,1163374700,3.1210000000000004,135.226,2230518.769,1375668.375,19.5,7.0,2,23.35,0.0,11,101,223,0,1,2,1,0,0,0.0,0.0
587,3445,673,1163374800,7.815,36.335,2230515.441,1375569.429,16.0,7.0,2,25.46,0.0,11,101,223,0,1,2,1,585,0,100.76,3.96
590,3462,1079,1163376500,13.663,2013.5220000000002,2230812.06,1377474.705,15.7,7.2,2,19.64,0.0,0,115,201,5,0,4,3,0,0,0.0,0.0
593,3466,1225,1163376900,12.333,36.027,2230519.919,1375568.756,18.5,7.0,2,40.16,0.0,1,101,214,0,1,2,1,579,0,417.96,10.41
594,3475,1014,1163377800,12.745,1383.5120000000002,2230850.547,1376845.3469999998,16.3,7.4,2,20.39,0.0,1061,111,215,0,4,2,1,0,0,0.0,0.0
595,3528,867,1163383100,-28.627,709.934,2230552.587,1376244.381,17.9,6.9,2,13.84,0.0,0,122,201,2,0,4,3,0,0,0.0,0.0
597,3540,1176,1163384300,9.767000000000001,233.08900000000003,2230542.206,1375763.289,14.1,7.4,2,22.05,0.0,3,102,214,1,0,2,3,0,0,0.0,0.0
598,3577,57,1163388000,1.817,2053.439,2230794.245,1377512.3390000002,16.5,6.7,2,11.02,0.0,11,114,213,5,0,4,2,0,0,0.0,0.0
599,3584,44,1163388700,9.103,41.394,2230517.134,1375574.3669999999,15.0,7.0,2,13.98,0.0,1,101,201,0,1,2,1,593,0,500.14,35.78
601,3640,1074,1163394300,-0.262,210.668,2230528.3619999997,1375742.781,16.5,7.1,2,23.91,10.02,0,123,214,1,0,2,2,0,0,0.0,0.0
603,3664,105,1163396700,5.244,1247.838,2230834.59,1376708.82,16.0,6.8,2,20.86,5.78,1,121,208,0,4,2,1,530,579,284.27,13.63
605,3644,942,1163394700,-23.364,2056.364,2230768.913,1377511.3769999999,14.5,7.0,2,35.62,0.0,2,115,201,5,0,4,3,0,0,0.0,0.0
606,3644,890,1163394700,-10.499,2060.522,2230780.991,1377517.4540000001,16.0,6.5,2,26.79,0.0,1,114,202,5,0,4,1,590,0,743.27,27.74
607,3644,30,1163394700,0.011000000000000001,2060.74,2230791.344,1377519.2780000002,15.2,6.6,2,20.68,0.0,11,114,213,5,0,4,2,0,0,0.0,0.0
608,3693,198,1163399600,-0.261,1255.708,2230830.1040000003,1376717.3930000002,15.3,7.0,2,23.95,-2.03,1,121,220,0,4,2,1,524,593,433.93,18.12
609,3670,500,1163397300,-20.491999999999997,708.185,2230560.262,1376241.167,17.0,6.7,2,23.32,0.0,2,122,202,2,0,4,3,0,0,0.0,0.0
611,3675,906,1163397800,-12.274000000000001,2059.5679999999998,2230779.3819999998,1377516.24,15.0,7.0,2,29.81,0.0,1,114,201,5,0,4,1,606,0,84.25,2.83
612,3692,177,1163399500,-11.639000000000001,2055.3,2230780.663,1377512.119,17.0,6.5,2,30.38,0.0,1,114,212,5,0,4,1,606,0,150.16,4.94
613,3697,491,1163400000,-24.697,714.9630000000001,2230557.374,1376248.602,14.7,6.8,2,22.85,0.0,2,122,202,2,0,4,3,0,0,0.0,0.0
614,3717,775,1163402000,-8.414,2044.9589999999998,2230785.432,1377502.394,16.5,6.5,2,37.98,0.0,2,115,203,5,0,4,3,0,0,0.0,0.0
617,3750,181,1163405300,-1.506,2050.777,2230791.369,1377509.2,15.5,7.0,2,3.26,0.0,11,114,213,5,0,4,2,0,0,0.0,0.0
619,3751,1113,1163405400,11.875,35.006,2230519.38,1375567.7759999998,16.0,7.0,2,20.62,0.0,1,101,214,0,1,2,1,597,0,1066.52,51.72
624,4559,799,1163486200,16.339000000000002,759.575,2230605.912,1376284.91,15.0,7.0,2,55.82,0.0,0,114,203,2,0,2,2,0,0,0.0,0.0
627,3806,416,1163410900,-20.926,699.4689999999999,2230558.233,1376232.679,14.5,6.5,2,12.3,-0.86,0,122,202,2,0,4,3,0,0,0.0,0.0
630,3781,243,1163408400,-11.449000000000002,2053.044,2230781.196,1377509.919,14.0,7.0,2,38.08,0.0,1,114,212,5,0,4,1,624,0,73.73,1.94
634,3816,502,1163411900,16.089000000000002,1105.12,2230784.915,1376571.064,14.5,7.0,2,16.02,10.6,1,105,221,0,3,2,1,597,619,38.84,2.42
635,3808,1453,1163411100,-10.585999999999999,2057.2729999999997,2230781.402,1377514.23,15.9,6.7,2,41.42,0.0,1,114,201,5,0,4,1,630,0,105.85,2.56
636,3867,1447,1163417000,-6.412000000000001,1527.809,2230827.828,1376988.813,17.0,7.0,2,15.66,11.36,1,120,223,0,4,4,1,611,614,172.4,11.01
638,3831,507,1163413400,-23.92,703.303,2230555.994,1376236.9980000001,14.4,6.7,2,20.98,-1.99,0,122,202,2,0,4,3,0,0,0.0,0.0
639,3827,126,1163413000,-2.818,2057.815,2230788.995,1377515.9540000001,15.5,7.0,2,1.83,0.0,11,114,213,5,0,4,2,0,0,0.0,0.0
642,3850,1275,1163415300,-11.685,2053.55,2230780.885,1377510.3830000001,17.0,6.5,2,34.69,0.0,1,114,202,5,0,4,1,635,0,165.28,4.76
645,3866,697,1163416900,-11.659,2054.55,2230780.758,1377511.375,15.5,6.5,2,40.37,0.0,2,114,201,5,0,4,1,605,0,755.81,18.72
650,3910,1374,1163421300,-9.261000000000001,2050.735,2230783.712,1377507.9719999998,16.1,6.5,2,35.52,0.0,1,114,201,5,0,4,1,642,0,204.74,5.76
652,3931,278,1163423400,-12.828,2057.5820000000003,2230779.139,1377514.1930000002,16.0,7.0,2,37.17,0.0,1,114,212,5,0,4,1,650,0,81.48,2.19
654,3954,1367,1163425700,-21.833000000000002,2066.827,2230768.825,1377521.951,14.5,6.5,2,26.99,0.0,2,114,201,5,0,4,1,645,0,358.86,13.3
656,3972,381,1163427500,-12.195,2062.567,2230779.002,1377519.216,16.0,7.0,2,36.03,0.0,1,114,206,5,0,4,1,652,0,151.34,4.2
659,3972,275,1163427500,-23.014,2060.107,2230768.687,1377515.129,15.6,6.5,2,28.91,0.0,2,114,221,5,0,4,1,645,0,398.23,13.77
663,4030,480,1163433300,-29.009,710.341,2230552.286,1376244.852,16.6,6.5,2,8.31,-1.45,0,122,223,2,0,4,3,0,0,0.0,0.0
667,4048,25,1163435100,-16.6,129.407,2230498.642,1375664.1719999998,16.0,6.5,2,20.69,-1.37,2,123,201,0,1,4,1,0,407,0.0,0.0
669,4061,730,1163436400,23.123,52.998999999999995,2230532.048,1375584.799,16.5,7.0,2,25.57,0.0,2,101,214,0,1,2,1,601,0,1257.51,49.18
671,4061,818,1163436400,14.458,33.114000000000004,2230521.801,1375565.6809999999,16.5,7.0,2,20.17,0.0,1,101,214,0,1,2,1,619,0,96.32,4.78
673,4083,49,1163438600,5.1160000000000005,111.788,2230518.86,1375644.8530000001,15.0,7.0,2,15.74,0.0,11,101,223,0,1,2,1,0,0,0.0,0.0
682,4135,402,1163443800,-25.596,701.827,2230554.076,1376235.855,16.6,6.5,2,11.73,-0.75,0,122,201,2,0,4,3,0,0,0.0,0.0
684,4128,145,1163443100,24.211,74.564,2230534.878,1375606.205,15.5,7.0,2,12.84,0.0,2,101,202,0,1,2,1,669,0,62.22,4.85
685,4133,35,1163443600,3.4560000000000004,103.711,2230516.5519999997,1375636.937,15.5,7.0,2,24.17,0.0,11,101,223,0,1,2,1,0,0,0.0,0.0
686,4155,1223,1163445800,-16.817999999999998,1984.5510000000002,2230786.37,1377441.4109999998,16.0,6.8,2,15.2,3.2,2,115,201,0,5,4,1,659,0,504.42,33.19
689,4165,69,1163446800,3.387,58.167,2230512.795,1375591.5480000002,14.0,7.0,2,10.51,0.0,11,101,201,0,1,2,1,0,0,0.0,0.0
694,4143,1190,1163444600,-14.027999999999999,1657.3029999999999,2230819.0069999998,1377117.6809999999,14.6,6.8,2,15.44,-0.55,2,118,223,0,5,4,1,659,0,131.88,8.54
699,4214,27,1163451700,2.364,117.678,2230516.594,1375650.946,14.5,7.0,2,3.94,0.0,11,101,201,0,1,2,1,0,689,0.0,0.0
700,4223,19,1163452600,18.891,2070.562,2230808.498,1377531.8730000001,15.1,7.2,2,17.19,-1.54,0,114,214,5,0,2,2,0,0,0.0,0.0
701,4222,315,1163452500,-25.134,707.7080000000001,2230555.611,1376241.551,16.1,6.7,2,18.38,0.0,0,122,201,2,0,4,3,0,0,0.0,0.0
703,4221,1523,1163452400,12.95,45.06100000000001,2230521.266,1375577.71,16.0,7.0,2,15.78,0.0,1,101,214,0,1,2,1,671,0,78.77,4.99
705,4229,1097,1163453200,-6.375,1586.8329999999999,2230827.858,1377047.775,15.8,6.8,2,16.73,-6.36,0,123,201,4,0,4,3,0,0,0.0,0.0
707,4279,47,1163458200,3.639,2046.8339999999998,2230797.05,1377506.1330000001,17.0,6.5,2,17.34,5.43,0,115,214,5,0,2,2,0,0,0.0,0.0
710,4268,203,1163457100,-27.357,703.168,2230552.591,1376237.497,14.9,7.0,2,17.97,-1.0,0,122,202,2,0,4,3,0,0,0.0,0.0
711,4300,36,1163460300,-7.305,2051.835,2230785.476,1377509.358,14.0,6.5,2,14.1,-1.34,0,115,214,5,0,2,2,0,0,0.0,0.0
717,4337,32,1163464000,-4.042,2052.647,2230788.577,1377510.66,14.1,6.6,2,16.9,-1.02,0,115,214,5,0,2,2,0,0,0.0,0.0
723,4391,1365,1163469400,13.205,226.101,2230544.364,1375755.8059999999,17.0,7.4,2,14.51,0.0,0,102,214,1,0,2,3,0,0,0.0,0.0
724,4407,18,1163471000,-2.926,2058.27,2230788.819,1377516.388,18.6,6.7,2,26.02,-1.31,0,115,214,5,0,2,2,0,0,0.0,0.0
725,4415,735,1163471800,-18.741,1186.072,2230790.4930000002,1376659.201,15.0,6.8,2,20.54,0.0,2,121,202,3,0,4,3,0,0,0.0,0.0
727,4456,950,1163475900,-19.546,1178.911,2230787.078,1376653.139,17.6,6.5,2,11.58,-4.02,0,121,223,3,0,4,3,0,0,0.0,0.0
728,4488,1056,1163479100,18.723,1660.35,2230851.602,1377122.0869999998,14.4,7.4,2,16.08,-0.95,1,112,215,0,5,2,1,597,619,254.35,15.82
732,4496,570,1163479900,-14.6,1991.983,2230787.425,1377449.095,15.2,6.6,2,17.55,-1.75,0,115,206,5,0,4,3,0,0,0.0,0.0
733,4491,39,1163479400,3.0639999999999996,2062.659,2230794.067,1377521.6409999998,15.3,6.8,2,19.45,0.0,11,114,213,5,0,4,2,0,0,0.0,0.0
737,4527,41,1163483000,13.390999999999998,2051.4410000000003,2230805.989,1377512.136,28.5,7.8,3,17.04,0.0,11,114,213,5,0,4,2,0,0,0.0,0.0
738,4568,73,1163487100,9.497,2050.732,2230802.249,1377510.8390000002,17.5,6.9,2,21.21,0.0,11,114,213,5,0,4,2,0,0,0.0,0.0
739,4583,33,1163488600,9.11,2054.994,2230801.215,1377514.9919999999,13.4,6.7,2,23.51,0.0,11,114,213,5,0,4,2,0,0,0.0,0.0
740,4592,934,1163489500,-9.039,2058.981,2230782.669,1377516.155,16.5,6.5,2,40.78,0.0,1,114,201,5,0,4,1,732,0,391.66,9.6
743,4606,544,1163490900,-19.589000000000002,2057.263,2230772.506,1377512.843,15.3,6.6,2,23.65,0.0,2,114,222,5,0,4,1,686,0,1557.9,65.87
746,4609,1223,1163491200,15.748,61.695,2230525.401,1375594.063,15.0,7.0,2,18.86,0.0,1,101,214,0,1,2,1,703,0,1113.8,59.06
747,4623,180,1163492600,-8.841000000000001,2047.7220000000002,2230784.588,1377505.0590000001,16.6,6.5,2,35.27,0.0,2,115,212,5,0,4,3,0,0,0.0,0.0
749,4631,1126,1163493400,-13.085999999999999,199.447,2230513.8019999997,1375734.1809999999,15.2,7.1,2,20.35,0.0,0,123,214,1,0,2,2,0,0,0.0,0.0
755,4648,185,1163495100,-9.25,2058.361,2230782.556,1377515.51,16.8,7.0,2,40.64,0.0,1,114,212,5,0,4,1,747,0,105.98,2.61
758,4654,1119,1163495700,-9.651,202.355,2230517.695,1375736.4409999999,15.9,7.1,2,27.96,0.0,0,123,214,1,0,2,2,0,0,0.0,0.0
759,4653,913,1163495600,-20.502,2060.5389999999998,2230771.103,1377515.9409999999,14.6,6.5,2,33.51,0.0,2,114,201,5,0,4,1,743,0,146.88,4.38
760,4683,889,1163498600,-10.182,2063.013,2230780.923,1377519.965,15.5,7.0,2,34.65,0.0,1,114,201,5,0,4,1,755,0,143.73,4.15
763,4708,881,1163501100,-12.564,2058.076,2230779.324,1377514.721,15.0,6.5,2,36.79,0.0,1,114,201,5,0,4,1,760,0,81.67,2.22
766,4710,31,1163501300,-2.948,2062.319,2230788.1780000003,1377520.386,17.0,6.5,2,20.58,0.0,11,114,213,5,0,4,2,0,0,0.0,0.0
771,4730,608,1163503300,-28.281999999999996,706.928,2230552.373,1376241.3630000001,15.0,7.0,2,14.01,-2.11,0,122,201,2,0,4,3,0,0,0.0,0.0
773,4724,847,1163502700,-9.513,2057.842,2230782.375,1377514.957,17.3,7.5,2,37.55,0.0,1,114,201,5,0,4,1,760,0,133.53,3.56
779,4730,37,1163503300,1.8430000000000002,2054.439,2230794.1180000002,1377513.331,13.5,6.7,2,19.3,0.0,11,114,213,5,0,4,2,0,0,0.0,0.0
786,4748,1511,1163505100,-8.207,2052.7070000000003,2230784.451,1377510.082,14.9,6.7,2,37.15,0.0,1,114,201,5,0,4,1,773,0,84.92,2.29
787,4756,803,1163505900,14.142999999999999,64.12899999999999,2230523.999,1375596.619,16.5,7.0,2,13.44,0.0,1,101,222,0,1,2,1,746,0,62.08,4.62
792,4766,50,1163506900,-1.4080000000000001,2063.779,2230789.476,1377522.064,15.5,6.5,2,18.96,0.0,11,114,213,5,0,4,2,0,0,0.0,0.0
794,4775,1494,1163507800,-22.704,2062.349,2230768.65,1377517.392,15.0,7.0,2,29.55,0.0,2,114,223,5,0,4,1,743,0,608.88,20.61
799,4798,127,1163510100,-2.658,2063.813,2230788.236,1377521.906,16.0,7.0,2,6.97,0.0,11,114,213,5,0,4,2,0,0,0.0,0.0
801,4806,107,1163510900,25.581,1653.432,2230858.7430000002,1377115.465,16.1,7.5,2,19.64,0.0,2,112,214,0,5,2,1,0,723,0.0,0.0
805,4805,1514,1163510800,-22.075,2057.83,2230769.963,1377513.023,16.0,6.5,2,27.9,0.0,2,114,201,5,0,4,1,794,0,84.3,3.02
807,4805,374,1163510800,-27.22,711.48,2230554.254,1376245.642,17.2,6.8,2,20.26,0.0,2,122,202,2,0,4,3,0,0,0.0,0.0
813,4826,1503,1163512900,-20.839000000000002,2057.297,2230771.266,1377512.685,15.5,7.0,2,32.21,0.0,2,114,201,5,0,4,1,794,0,143.35,4.45
815,4841,506,1163514400,-24.741999999999997,701.357,2230554.829,1376235.236,15.9,6.7,2,16.44,-1.51,0,122,201,2,0,4,3,0,0,0.0,0.0
816,4835,113,1163513800,-2.3609999999999998,2065.555,2230788.2630000003,1377523.6730000002,14.1,6.5,2,2.09,0.0,11,114,213,5,0,4,2,0,0,0.0,0.0
826,4859,983,1163516200,22.881,70.50399999999999,2230533.224,1375602.2659999998,16.0,7.0,2,21.98,0.0,2,101,214,0,1,2,1,758,0,994.67,45.25
831,4885,1366,1163518800,-18.602999999999998,2056.737,2230773.5609999998,1377512.4740000002,17.5,6.5,2,36.82,0.0,2,114,201,5,0,4,1,813,0,188.67,5.12
832,4916,293,1163521900,-19.688,694.17,2230558.475,1376227.243,16.5,6.5,2,18.72,-1.49,0,122,202,2,0,4,3,0,0,0.0,0.0
834,4916,723,1163521900,11.798,233.65,2230544.304,1375763.583,17.2,7.4,2,15.87,-12.27,0,102,220,1,0,2,3,0,0,0.0,0.0
837,4937,46,1163524000,-1.442,2062.529,2230789.634,1377520.824,17.0,6.7,2,12.72,0.0,11,114,213,5,0,4,2,0,0,0.0,0.0
839,4950,17,1163525300,-19.71,130.753,2230495.651,1375665.7659999998,17.2,6.7,2,17.63,0.0,2,101,201,0,1,4,1,0,567,0.0,0.0
841,4966,43,1163526900,1.004,2060.4629999999997,2230792.367,1377519.156,13.9,7.0,2,18.08,0.0,11,114,213,5,0,4,2,0,0,0.0,0.0
842,4966,1276,1163526900,-10.679,2053.774,2230781.845,1377510.7580000001,16.5,6.5,2,48.35,0.0,1,114,201,5,0,4,1,763,0,700.13,14.48
846,4988,872,1163529100,23.965,68.548,2230534.1459999997,1375600.229,16.5,7.0,2,17.72,0.0,2,101,214,0,1,2,1,826,0,67.61,3.82
847,4991,30,1163529400,1.43,2057.7,2230793.211,1377516.491,14.8,6.6,2,23.01,0.0,11,114,213,5,0,4,2,0,0,0.0,0.0
850,5021,24,1163532400,-20.651999999999997,131.191,2230494.748,1375666.2780000002,15.4,6.8,2,21.09,0.0,2,123,201,0,1,4,1,0,567,0.0,0.0
851,5034,380,1163533700,-25.208000000000002,705.7130000000001,2230555.171,1376239.604,16.5,7.0,2,10.01,-1.72,0,122,201,2,0,4,3,0,0,0.0,0.0
860,5060,784,1163536300,24.392,82.07799999999999,2230535.667,1375613.68,15.5,7.0,2,2.0,0.0,2,101,214,0,1,2,1,846,0,30.91,15.45
862,5060,1631,1163536300,14.134,76.138,2230524.962,1375608.59,15.5,7.0,2,0.0,0.0,1,101,214,0,1,2,1,787,0,30.92,9999.99
867,5072,28,1163537500,-7.292000000000001,2054.749,2230785.043,1377512.24,16.4,6.7,2,20.87,-1.52,0,115,214,5,0,2,2,0,0,0.0,0.0
868,5073,361,1163537600,-25.849,703.485,2230554.1319999998,1376237.532,16.5,7.0,2,16.03,-2.74,0,122,201,2,0,4,3,0,0,0.0,0.0
870,5078,723,1163538100,17.590999999999998,1384.3120000000001,2230855.312,1376846.759,15.4,7.4,2,12.06,-2.44,2,111,214,0,4,2,1,758,826,127.01,10.53
872,5084,30,1163538700,2.531,141.477,2230519.001,1375674.37,15.0,7.0,2,19.73,0.0,9999,123,223,1,0,2,2,0,0,0.0,0.0
875,5084,54,1163538700,4.91,81.252,2230516.182,1375614.4340000001,18.0,7.0,2,22.86,0.0,11,101,223,0,1,2,1,0,0,0.0,0.0
878,5114,684,1163541700,6.466,1570.3020000000001,2230840.704,1377031.28,15.5,7.0,2,16.37,0.12,11,120,214,0,4,2,1,0,0,0.0,0.0
881,5109,3,1163541200,3.562,101.214,2230516.455,1375634.439,18.5,7.0,2,0.0,0.0,11,101,201,0,1,2,1,875,0,36.15,9999.99
884,5158,698,1163546100,4.0169999999999995,766.914,2230595.148,1376294.385,16.5,7.0,2,19.1,-1.07,0,122,214,2,0,2,2,0,0,0.0,0.0
885,5125,29,1163542800,-4.467,2050.174,2230788.535,1377508.1509999998,17.2,6.9,2,16.82,-0.72,0,115,214,5,0,2,2,0,0,0.0,0.0
886,5129,31,1163543200,1.266,143.321,2230518.079,1375676.407,16.0,7.0,2,20.1,0.0,9999,123,223,1,0,2,2,0,0,0.0,0.0
890,5154,378,1163545700,-20.508000000000003,698.0369999999999,2230558.38,1376231.195,16.0,7.0,2,15.23,-1.3,0,122,202,2,0,4,3,0,0,0.0,0.0
891,5146,30,1163544900,-7.148,2051.972,2230785.61,1377509.5180000002,17.0,7.0,2,18.9,-0.87,0,115,214,5,0,2,2,0,0,0.0,0.0
892,5157,676,1163546000,7.409,1387.3229999999999,2230844.867,1376849.201,15.0,7.0,2,13.72,-3.14,1,111,214,0,4,2,1,870,834,187.03,13.63
893,5155,23,1163545800,1.6780000000000002,140.349,2230517.963,1375673.409,15.0,7.0,2,28.22,0.0,9999,123,223,1,0,2,2,0,0,0.0,0.0
894,5173,20,1163547600,-1.869,2061.687,2230789.341,1377519.926,21.1,6.8,2,18.35,0.0,0,114,214,5,0,2,2,0,0,0.0,0.0
897,5177,406,1163548000,-20.861,1180.889,2230786.5330000003,1376655.241,16.4,7.0,2,16.09,1.95,0,121,202,3,0,4,3,0,0,0.0,0.0
901,5237,7,1163554000,20.932,2076.185,2230809.655,1377537.7419999999,15.2,7.2,2,0.0,0.0,11,114,214,5,0,2,2,0,0,0.0,0.0
903,5248,1464,1163555100,12.793,60.568000000000005,2230522.365,1375593.179,14.5,7.0,2,12.7,0.0,1,101,214,0,1,2,1,862,0,26.41,2.08
906,5284,216,1163558700,-14.265999999999998,1986.648,2230788.5730000003,1377443.8630000001,16.4,7.0,2,19.6,-0.97,2,115,206,0,5,4,1,813,0,1091.92,55.71
908,5285,12,1163558800,20.449,2079.524,2230808.6780000003,1377540.9009999998,13.8,7.4,2,23.75,-11.21,0,113,214,5,0,2,3,0,0,0.0,0.0
909,5281,1386,1163558400,15.470999999999998,56.428000000000004,2230524.699,1375588.836,16.6,7.0,2,21.81,0.0,1,101,214,0,1,2,1,903,0,53.38,2.45
912,5297,432,1163560000,-23.022,1180.724,2230784.476,1376655.925,15.0,7.0,2,14.98,5.34,0,121,203,3,0,4,3,0,0,0.0,0.0
917,5312,19,1163561500,24.173000000000002,2070.422,2230813.74,1377532.543,18.4,7.4,2,23.2,-2.36,0,113,214,5,0,2,3,0,0,0.0,0.0
919,5326,1406,1163562900,12.478,91.58200000000001,2230524.562,1375624.1169999999,15.0,7.0,2,28.35,0.0,1,101,214,0,1,2,1,903,0,152.74,5.39
925,5350,1323,1163565300,12.805,72.078,2230523.309,1375604.6509999998,16.5,7.0,2,29.02,0.0,1,101,214,0,1,2,1,909,0,170.85,5.89
932,5378,1373,1163568100,12.859000000000002,70.83,2230523.261,1375603.4019999998,15.6,7.0,2,31.02,0.0,1,101,214,0,1,2,1,919,0,182.2,5.87
933,5414,52,1163571700,6.5360000000000005,78.318,2230517.565,1375611.378,17.5,7.0,2,26.55,0.0,11,101,223,0,1,2,1,0,0,0.0,0.0
939,5435,10,1163573800,17.287,2082.3320000000003,2230805.1119999997,1377543.259,18.1,7.1,2,23.87,0.0,0,114,214,5,0,2,2,0,0,0.0,0.0
942,5447,68,1163575000,11.91,2040.146,2230806.192,1377501.005,17.3,6.7,2,37.18,-11.22,0,115,214,5,0,2,2,0,0,0.0,0.0
945,5440,1332,1163574300,12.17,87.065,2230523.889,1375619.64,15.5,7.0,2,36.31,0.0,1,101,214,0,1,2,1,932,0,194.56,5.36
946,5454,585,1163575700,2.76,1569.39,2230837.0,1377030.365,16.3,7.1,2,23.33,0.0,11,120,215,0,4,2,1,0,0,0.0,0.0
947,5464,138,1163576700,7.18,51.321999999999996,2230516.0209999997,1375584.418,17.5,7.0,2,25.92,0.0,11,101,223,0,1,2,1,0,0,0.0,0.0
948,5494,13,1163579700,22.281999999999996,2070.715,2230811.826,1377532.543,14.8,7.1,2,21.2,-0.67,0,113,214,5,0,2,3,0,0,0.0,0.0
949,5502,35,1163580500,3.423,2057.397,2230795.227,1377516.496,17.1,6.7,2,20.89,0.0,11,114,213,5,0,4,2,0,0,0.0,0.0
951,5522,1276,1163582500,14.447000000000001,104.178,2230527.544,1375636.5119999999,16.0,7.0,2,38.78,0.0,1,101,214,0,1,2,1,945,0,271.53,7.0
952,5517,37,1163582000,0.545,2061.976,2230791.682,1377520.581,15.5,6.7,2,20.09,0.0,11,114,213,5,0,4,2,0,0,0.0,0.0
954,5554,785,1163585700,-27.881999999999998,708.3439999999999,2230553.027,1376242.6809999999,15.7,7.0,2,9.86,-1.0,0,122,223,2,0,4,3,0,0,0.0,0.0
955,5544,52,1163584700,-0.42100000000000004,2063.252,2230790.5319999997,1377521.6940000001,17.8,6.6,2,26.45,0.0,11,114,213,5,0,4,2,0,0,0.0,0.0
956,5562,44,1163586500,6.556,2062.315,2230797.57,1377521.836,17.5,6.7,2,14.57,0.0,11,114,213,5,0,4,2,0,0,0.0,0.0
957,5569,16,1163587200,20.367,2079.439,2230808.599,1377540.871,16.3,7.1,2,16.58,-0.11,0,113,214,5,0,2,3,0,0,0.0,0.0
958,5570,1214,1163587300,23.343000000000004,106.807,2230536.624,1375638.4119999998,17.1,7.0,2,6.78,0.0,2,101,214,0,1,2,1,846,0,1166.07,0.0
959,5577,126,1163588000,1.9969999999999999,2060.187,2230793.391,1377519.035,15.7,6.8,2,9.33,0.0,11,114,213,5,0,4,2,0,0,0.0,0.0
960,5597,460,1163590000,-10.602,1523.6979999999999,2230823.6380000003,1376984.7219999998,15.6,6.5,2,15.32,-0.52,2,120,206,0,4,4,1,954,961,902.14,58.89
961,5597,959,1163590000,-22.149,2064.101,2230768.93,1377519.209,15.0,7.0,2,19.43,0.0,2,114,201,5,0,4,1,960,0,540.4,27.81
962,5607,941,1163591000,-8.91,2054.476,2230783.486,1377511.7230000002,16.0,7.0,2,33.03,0.0,1,114,202,5,0,4,1,960,0,544.88,16.5
964,5626,145,1163592900,-8.693999999999999,2053.22,2230783.892,1377510.515,16.6,6.5,2,34.1,0.0,1,114,212,5,0,4,1,960,0,592.94,17.39
966,5647,955,1163595000,-10.252,2057.827,2230781.647,1377514.8290000001,15.3,7.0,2,35.04,0.0,1,114,202,5,0,4,1,964,0,76.24,2.18
968,5663,225,1163596600,0.40299999999999997,219.47799999999998,2230530.606,1375751.5790000001,16.8,7.0,2,24.22,4.59,0,123,203,1,0,2,2,0,0,0.0,0.0
970,5677,1095,1163598000,3.4139999999999997,218.8,2230533.424,1375750.226,17.1,7.0,2,22.43,10.02,0,123,214,1,0,2,2,0,0,0.0,0.0
972,5670,687,1163597300,-20.373,2053.618,2230772.289,1377509.121,15.8,7.0,2,32.31,0.0,2,115,222,5,0,4,3,0,0,0.0,0.0
973,5662,211,1163596500,12.394,1229.752,2230836.1,1376687.437,16.5,7.5,2,15.09,0.0,1,111,220,3,0,2,3,0,0,0.0,0.0
975,5691,1143,1163599400,-9.868,205.463,2230518.027,1375739.539,14.8,7.0,2,15.47,-0.49,0,123,214,1,0,2,2,0,0,0.0,0.0
976,5683,885,1163598600,-10.997,2050.7039999999997,2230782.001,1377507.676,16.1,7.0,2,43.78,0.0,1,114,201,5,0,4,1,966,0,115.44,2.64
977,5693,802,1163599600,6.186,1236.9460000000001,2230833.1769999997,1376696.855,15.4,7.4,2,19.39,-11.34,1,111,215,3,0,2,3,0,0,0.0,0.0
978,5693,1594,1163599600,-20.844,2056.449,2230771.391,1377511.846,15.1,7.0,2,27.87,0.0,2,115,201,5,0,4,3,0,0,0.0,0.0
979,5706,1562,1163600900,-12.578,2064.3920000000003,2230778.344,1377520.961,15.3,7.0,2,41.95,0.0,1,114,201,5,0,4,1,976,0,111.53,2.66
980,5651,1159,1163595400,14.48,67.639,2230524.619,1375600.09,17.0,7.0,2,9.03,0.0,1,101,214,0,1,2,1,951,0,509.15,56.38
982,5722,422,1163602500,11.769,1228.234,2230834.937,1376686.279,14.3,7.5,2,15.5,0.0,0,111,220,3,0,2,3,0,0,0.0,0.0
983,5724,142,1163602700,-9.706,2052.7470000000003,2230782.964,1377509.892,15.6,6.5,2,37.43,0.0,1,114,212,5,0,4,1,976,0,176.82,4.72
984,5724,2008,1163602700,14.113,76.638,2230524.982,1375609.09,17.0,7.0,2,7.51,0.0,1,101,214,0,1,2,1,980,0,56.94,7.58
985,5730,145,1163603300,-11.923,2054.0570000000002,2230780.5730000003,1377510.8480000002,15.5,7.0,2,36.99,0.0,1,114,212,5,0,4,1,979,0,90.0,2.43
989,5736,2,1163603900,2.7119999999999997,97.67399999999999,2230515.321,1375630.98,17.0,7.0,2,0.0,0.0,11,101,201,0,1,2,1,0,0,0.0,0.0
997,5797,725,1163610000,-15.448,1179.427,2230790.992,1376651.8769999999,17.5,6.5,2,6.62,1.8,0,121,222,3,0,4,3,0,0,0.0,0.0
999,5762,807,1163606500,-10.382,2055.516,2230781.872,1377512.525,15.5,7.0,2,39.55,0.0,1,114,201,5,0,4,1,985,0,115.96,2.93
1005,5789,410,1163609200,-9.314,2048.736,2230783.965,1377505.9880000001,16.1,6.5,2,38.67,0.0,1,114,206,5,0,4,1,999,0,96.88,2.51
1007,5789,796,1163609200,-21.629,2055.817,2230770.712,1377511.102,15.7,6.6,2,37.21,0.0,2,115,201,5,0,4,3,0,0,0.0,0.0
1009,5807,1525,1163611000,-13.165999999999999,2062.672,2230778.026,1377519.1709999999,16.6,7.0,2,37.94,0.0,1,114,201,5,0,4,1,1005,0,83.51,2.2
1013,5835,705,1163613800,13.809000000000001,1667.6970000000001,2230846.387,1377129.226,16.1,7.3,2,24.61,-1.19,1,112,215,0,5,2,1,0,862,0.0,0.0
1018,5825,153,1163612800,-10.725999999999999,2057.705,2230781.1969999997,1377514.636,14.9,7.0,2,39.66,0.0,1,114,212,5,0,4,1,1005,0,144.37,3.64
1020,5825,1450,1163612800,-23.71,2061.549,2230767.778,1377516.448,16.1,7.0,2,36.99,0.0,2,114,201,5,0,4,1,1007,0,136.64,3.69
1026,5865,688,1163616800,19.980999999999998,1590.0510000000002,2230854.171,1377051.304,15.3,7.4,2,10.48,11.78,0,111,215,4,0,2,1,0,0,0.0,0.0
1027,5852,1504,1163615500,-8.396,2051.113,2230784.509,1377508.4780000001,16.5,7.0,2,38.34,0.0,1,114,201,5,0,4,1,1018,0,97.98,2.56
1030,5852,378,1163615500,-21.848000000000003,2055.266,2230770.579,1377510.524,15.7,7.0,2,33.46,0.0,2,115,221,5,0,4,3,0,0,0.0,0.0
1032,5852,260,1163615500,3.333,130.22899999999998,2230518.576,1375663.378,16.5,7.0,2,0.1,0.0,11,101,223,0,1,2,1,0,0,0.0,0.0
1035,5865,136,1163616800,22.459,1656.037,2230855.4590000003,1377117.7280000001,14.4,7.2,2,18.04,10.02,2,112,214,0,5,2,1,0,909,0.0,0.0
1041,5871,1502,1163617400,-10.988,2047.68,2230782.472,1377504.689,16.5,7.0,2,36.61,0.0,2,115,201,5,0,4,3,0,0,0.0,0.0
1042,5861,42,1163616400,12.44,697.47,2230590.662,1376224.58,14.9,7.4,2,18.89,0.0,1,103,222,2,0,2,1,0,0,0.0,0.0
1043,5873,720,1163617600,-22.412,2054.011,2230770.214,1377509.197,16.1,7.0,2,33.18,0.0,2,115,223,5,0,4,3,0,0,0.0,0.0
1044,5872,38,1163617500,9.661,2049.212,2230802.644,1377509.362,31.6,8.0,3,16.39,0.0,11,114,213,5,0,4,2,0,0,0.0,0.0
1045,5886,27,1163618900,-15.854000000000001,131.84799999999998,2230499.583,1375666.545,16.0,6.7,2,10.34,-1.52,2,123,201,0,1,4,1,0,794,0.0,0.0
1050,5892,1295,1163619500,-7.361000000000001,2053.749,2230785.128,1377511.241,15.3,7.0,2,35.94,0.0,1,114,202,5,0,4,1,1041,0,83.0,2.31
1051,5892,163,1163619500,-19.480999999999998,2050.1820000000002,2230773.696,1377505.862,15.2,7.0,2,32.44,0.0,2,115,212,5,0,4,3,0,0,0.0,0.0
1055,5906,775,1163620900,-20.522,2059.79,2230771.1980000003,1377515.197,17.0,6.5,2,33.49,0.0,2,114,223,5,0,4,1,1043,0,112.29,3.35
1056,5908,43,1163621100,-1.5219999999999998,2059.53,2230790.014,1377517.8480000002,18.1,6.5,2,15.14,0.0,11,114,213,5,0,4,2,0,0,0.0,0.0
1057,5912,1479,1163621500,-11.485,2061.048,2230779.9359999998,1377517.823,14.0,6.5,2,36.59,0.0,1,114,201,5,0,4,1,1050,0,79.16,2.16
1060,5920,370,1163622300,-9.992,2060.758,2230781.456,1377517.765,16.5,6.7,2,35.65,0.0,1,114,212,5,0,4,1,1050,0,105.38,2.96
1062,5935,28,1163623800,6.888,2056.054,2230798.857,1377515.699,18.5,6.8,2,24.16,0.0,11,114,213,5,0,4,2,0,0,0.0,0.0
1064,5935,421,1163623800,-10.622,2062.86,2230780.511,1377519.746,15.8,7.0,2,34.91,0.0,1,114,212,5,0,4,1,1057,0,85.96,2.46
1067,5964,1350,1163626700,-19.563,2047.8120000000001,2230773.978,1377503.507,15.6,7.0,2,37.54,0.0,2,115,201,5,0,4,3,0,0,0.0,0.0
1070,5966,446,1163626900,-11.132,2062.944,2230779.994,1377519.751,14.7,7.0,2,34.22,0.0,1,114,221,5,0,4,1,1064,0,107.01,3.13
1072,5976,34,1163627900,0.8029999999999999,2052.965,2230793.316,1377511.716,16.1,6.5,2,14.2,0.0,11,114,213,5,0,4,2,0,0,0.0,0.0
1074,5987,13,1163629000,-14.806,127.208,2230500.252,1375661.835,15.3,6.5,2,26.17,0.0,2,101,201,0,1,4,1,0,794,0.0,0.0
1077,5987,854,1163629000,6.69,285.302,2230543.869,1375816.44,23.8,7.8,3,30.25,0.0,3,102,214,0,2,2,1,0,0,0.0,0.0
1082,5988,743,1163629100,-21.065,2048.575,2230772.377,1377504.031,15.5,7.0,2,34.16,0.0,2,115,203,5,0,4,3,0,0,0.0,0.0
1084,5994,1377,1163629700,-10.964,2052.4210000000003,2230781.7709999997,1377509.378,16.0,7.0,2,34.33,0.0,1,114,201,5,0,4,1,1070,0,85.3,2.48
1087,6016,1541,1163631900,2.6519999999999997,267.17400000000004,2230538.3219999997,1375798.716,22.5,7.0,2,27.98,0.0,3,102,215,0,2,2,1,0,0,0.0,0.0
1089,6034,44,1163633700,3.697,698.7769999999999,2230582.309,1376227.4719999998,18.1,7.4,2,19.41,0.0,1,103,222,2,0,2,1,0,0,0.0,0.0
1090,6034,1660,1163633700,7.785,236.877,2230540.89,1375768.094,17.0,7.2,2,22.74,0.0,3,102,214,0,2,2,1,0,0,0.0,0.0
1092,6035,102,1163633800,5.287000000000001,48.739,2230513.926,1375581.997,16.0,7.0,2,13.19,0.0,11,101,223,0,1,2,1,1032,0,81.36,6.17
1093,6035,212,1163633800,22.521,32.448,2230529.784,1375564.364,17.0,7.0,2,15.33,0.0,2,101,202,0,1,2,1,958,0,103.5,6.75
1096,6067,34,1163637000,-0.363,2057.618,2230791.452,1377516.136,15.3,7.0,2,19.57,-1.95,0,115,214,5,0,2,2,0,0,0.0,0.0
1098,6050,366,1163635300,9.202,233.516,2230541.725,1375763.8080000002,16.8,7.4,2,18.27,0.0,9999,102,223,1,0,2,1,0,0,0.0,0.0
1102,6067,799,1163637000,14.133,18.142,2230520.799,1375552.71,14.5,7.0,2,20.8,0.0,1,101,214,0,1,2,1,984,0,86.89,4.18
1103,6080,655,1163638300,-21.554000000000002,1987.22,2230781.284,1377443.3069999998,16.8,7.0,2,21.78,0.86,2,115,223,0,5,4,1,1055,0,469.89,21.57
1104,6075,753,1163637800,22.899,46.483999999999995,2230531.297,1375578.323,15.5,7.0,2,10.15,0.0,2,101,214,0,1,2,1,1093,0,47.24,4.65
1105,6075,57,1163637800,5.245,49.738,2230513.965,1375582.996,15.0,7.0,2,10.61,0.0,11,101,223,0,1,2,1,1092,0,51.04,4.81
1109,6129,30,1163643200,1.4909999999999999,138.05200000000002,2230517.376,1375671.18,18.1,7.0,2,22.91,0.0,9999,123,223,0,1,2,1,0,0,0.0,0.0
1110,6166,1143,1163646900,-14.536,1988.2939999999999,2230788.0530000003,1377445.459,15.0,7.0,2,19.99,-0.78,2,115,201,0,5,4,1,1103,0,269.88,13.5
1113,6173,320,1163647600,-25.72,711.174,2230555.672,1376245.0659999999,17.9,7.5,2,13.79,0.0,0,122,201,2,0,4,3,0,0,0.0,0.0
1114,6205,1288,1163650800,-14.845999999999998,1993.5220000000002,2230786.9469999997,1377450.5780000002,16.3,7.0,2,14.82,-1.16,0,115,202,5,0,4,3,0,0,0.0,0.0
1121,6241,1262,1163654400,-14.317,2002.944,2230786.027,1377459.971,15.2,7.0,2,20.46,-3.58,0,115,202,5,0,4,3,0,0,0.0,0.0
1122,6239,737,1163654200,15.142000000000001,64.171,2230524.998,1375596.58,15.5,7.0,2,11.59,0.0,1,101,221,0,1,2,1,1102,1123,40.02,3.45
1123,6239,1515,1163654200,15.020999999999999,31.636,2230522.2430000002,1375564.1619999998,17.0,7.0,2,5.46,0.0,1,101,214,0,1,2,1,1122,0,32.54,5.96
1124,6278,74,1163658100,2.181,2051.38,2230794.92,1377510.358,17.2,7.0,2,9.43,0.48,0,115,214,5,0,2,2,0,0,0.0,0.0
1125,6262,248,1163656500,-24.03,707.0169999999999,2230556.569,1376240.669,16.1,7.0,2,23.06,0.0,0,122,202,2,0,4,3,0,0,0.0,0.0
1127,6301,1126,1163660400,-11.625,1986.685,2230791.1769999997,1377444.3069999998,16.3,7.0,2,19.89,-0.52,0,115,201,0,5,4,1,0,0,0.0,0.0
1128,6296,1022,1163659900,-13.700999999999999,1666.306,2230818.958,1377126.689,15.7,7.0,2,16.42,0.0,1,118,223,0,5,4,1,0,0,0.0,0.0
1129,6302,204,1163660500,-27.891,711.278,2230553.557,1376245.5669999998,15.0,7.0,2,19.77,0.0,0,122,201,2,0,4,3,0,0,0.0,0.0
1131,6303,1409,1163660600,13.571,77.617,2230524.5209999997,1375610.1090000002,15.0,7.0,2,26.28,0.0,1,101,214,0,1,2,1,1123,0,51.99,1.98
1134,6319,1296,1163662200,12.793,60.568000000000005,2230522.365,1375593.179,14.5,7.0,2,26.06,0.0,1,101,215,0,1,2,1,1131,0,59.1,2.27
1136,6319,200,1163662200,0.593,151.81,2230518.9069999997,1375684.882,16.5,7.0,2,2.1,0.0,9999,123,223,1,0,2,2,0,0,0.0,0.0
1138,6330,202,1163663300,-24.333000000000002,705.702,2230556.03,1376239.4330000002,16.6,7.0,2,24.6,-6.05,0,122,202,2,0,4,3,0,0,0.0,0.0
1140,6338,30,1163664100,-10.138,2054.618,2230782.251,1377511.675,17.1,7.0,2,16.92,-0.58,0,115,214,5,0,2,2,0,0,0.0,0.0
1142,6336,1290,1163663900,15.249,61.673,2230524.902,1375594.082,15.5,7.0,2,25.76,0.0,1,101,215,0,1,2,1,1134,0,43.2,1.68
1144,6381,858,1163668400,-20.395,1180.351,2230786.755,1376654.5659999999,15.5,7.0,2,9.3,5.12,0,121,202,3,0,4,3,0,0,0.0,0.0
1145,6368,1038,1163667100,-22.061,1997.025,2230779.28,1377452.936,15.6,7.0,2,18.1,-0.72,0,115,201,5,0,4,3,0,0,0.0,0.0
1147,6380,1353,1163668300,13.870999999999999,94.14399999999999,2230526.1580000003,1375626.5580000002,15.0,7.0,2,32.76,0.0,1,101,214,0,1,2,1,1131,0,189.28,5.78
1149,6388,22,1163669100,-22.271,134.341,2230493.389,1375669.549,16.8,7.0,2,18.29,0.0,2,123,201,0,1,4,1,0,1113,0.0,0.0
1152,6393,1378,1163669600,12.536,43.041000000000004,2230520.6890000002,1375575.731,16.0,7.0,2,35.15,0.0,1,101,214,0,1,2,1,1147,0,94.09,2.68
1154,6424,238,1163672700,-0.795,2012.35,2230797.951,1377471.334,14.9,7.3,2,10.39,-1.43,0,115,220,5,0,4,3,0,0,0.0,0.0
1155,6437,1350,1163674000,16.998,114.795,2230530.9469999997,1375646.888,16.5,7.0,2,37.91,0.0,1,101,214,0,1,2,1,1147,1157,143.83,3.79
1157,6437,1376,1163674000,14.343,47.622,2230522.861,1375580.15,17.0,7.0,2,30.49,0.0,1,101,214,0,1,2,1,1155,0,67.17,2.2
1158,6447,745,1163675000,-6.436,1529.868,2230827.804,1376990.843,16.3,7.0,2,11.57,-1.97,1,120,206,0,4,4,1,1121,0,63.52,5.49
1159,6476,29,1163677900,5.8420000000000005,2054.331,2230798.086,1377513.8369999998,18.0,6.7,2,20.83,0.0,11,114,213,5,0,4,2,0,0,0.0,0.0
1160,6505,32,1163680800,7.9670000000000005,2056.044,2230799.924,1377515.855,16.6,7.0,2,21.85,0.0,11,114,213,5,0,4,2,0,0,0.0,0.0
1161,6522,32,1163682500,3.997,2060.133,2230795.375,1377519.2880000002,16.2,6.6,2,22.54,0.0,11,114,213,5,0,4,2,0,0,0.0,0.0
1165,6527,1309,1163683000,14.505,67.39699999999999,2230524.624,1375599.8469999998,16.6,7.0,2,41.89,0.0,1,101,214,0,1,2,1,1157,0,251.84,6.01
1167,6534,32,1163683700,3.4930000000000003,2063.311,2230794.391,1377522.351,15.0,6.8,2,23.22,0.0,11,114,213,5,0,4,2,0,0,0.0,0.0
1168,6531,437,1163683400,4.0169999999999995,1576.631,2230838.2569999998,1377037.606,14.6,7.0,2,21.15,0.0,1,120,215,0,4,2,1,0,0,0.0,0.0
1170,6554,2268,1163685700,13.89,59.104,2230523.34,1375591.631,15.5,7.0,2,18.35,0.0,1,101,214,0,1,2,1,1157,0,323.4,17.62
1171,6546,32,1163684900,1.787,2061.6929999999998,2230792.953,1377520.491,15.4,6.7,2,21.55,0.0,11,114,213,5,0,4,2,0,0,0.0,0.0
1172,6565,33,1163686800,1.179,2065.521,2230791.766,1377524.1809999999,15.0,6.6,2,21.55,0.0,11,114,213,5,0,4,2,0,0,0.0,0.0
1173,6567,1228,1163687000,25.46,45.09,2230533.7369999997,1375576.727,16.5,7.0,2,21.84,0.0,2,101,214,0,1,2,1,1123,0,776.61,35.56
1175,6593,961,1163689600,-7.789,1527.648,2230826.451,1376988.6230000001,17.2,6.8,2,15.74,-2.33,1,120,202,0,4,4,1,1127,0,413.76,26.29
1176,6586,1987,1163688900,10.581,72.142,2230521.097,1375604.894,16.0,7.0,2,11.31,0.0,1,101,215,0,1,2,1,1170,0,45.66,4.04
1177,6621,959,1163692400,-8.765,2040.641,2230785.746,1377498.073,16.1,7.0,2,25.55,0.0,2,115,202,5,0,4,3,0,0,0.0,0.0
1179,6621,932,1163692400,-20.537,2051.5029999999997,2230772.451,1377507.006,17.0,6.6,2,32.48,0.0,2,115,201,5,0,4,3,0,0,0.0,0.0
1181,6637,23,1163694000,5.781000000000001,162.233,2230525.844,1375694.233,17.0,7.1,2,25.75,0.0,0,123,201,1,0,4,3,0,0,0.0,0.0
1182,6643,1319,1163694600,-6.968999999999999,203.959,2230520.617,1375737.549,16.4,7.0,2,14.62,-0.84,0,123,214,1,0,2,2,0,0,0.0,0.0
1183,6638,589,1163694100,-8.485,2050.501,2230784.514,1377507.8590000002,15.1,7.0,2,28.94,0.0,1,114,206,5,0,4,1,1175,0,637.0,22.01
1185,6643,923,1163694600,-20.494,2049.71,2230772.768,1377505.24,15.2,7.0,2,37.79,0.0,2,115,201,5,0,4,3,0,0,0.0,0.0
1187,6668,942,1163697100,-4.768,210.78400000000002,2230523.981,1375743.879,16.3,7.0,2,15.45,-1.87,0,123,222,1,0,2,2,0,0,0.0,0.0
1189,6668,1604,1163697100,-8.525,2049.657,2230784.6040000003,1377507.019,17.1,7.0,2,30.69,0.0,1,114,201,5,0,4,1,1183,0,86.06,2.8
1190,6670,903,1163697300,7.183,1231.123,2230831.825,1376690.717,15.0,7.5,2,13.48,0.0,1,111,215,3,0,2,3,0,0,0.0,0.0
1192,6689,1239,1163699200,0.38,216.632,2230530.074,1375748.7219999998,16.7,7.1,2,21.87,10.12,0,123,214,1,0,2,2,0,0,0.0,0.0
1194,6666,541,1163696900,-7.808,1528.138,2230826.432,1376989.1130000001,16.3,7.0,2,23.81,0.0,1,120,206,0,4,4,1,0,0,0.0,0.0
1195,6698,781,1163700100,-10.856,2056.529,2230781.249,1377513.4540000001,15.0,7.0,2,27.75,0.0,1,114,222,5,0,4,1,1189,0,98.33,3.54
1196,6725,166,1163702800,-8.53,2048.424,2230784.788,1377505.8,16.2,7.0,2,30.76,0.0,1,114,212,5,0,4,1,1195,0,66.85,2.17
1198,6736,136,1163703900,22.379,1651.8529999999998,2230855.628,1377113.313,17.7,7.4,2,16.37,0.0,2,112,214,0,5,2,1,1104,1123,102.12,6.24
1200,6746,1556,1163704900,-8.997,2050.651,2230783.985,1377507.929,16.1,7.0,2,33.77,0.0,1,114,201,5,0,4,1,1196,0,66.82,1.98
1201,6753,806,1163705600,-19.365,2050.749,2230773.724,1377506.44,15.7,7.0,2,47.33,0.0,2,115,201,5,0,4,3,0,0,0.0,0.0
1206,6767,1553,1163707000,-11.649000000000001,2063.09,2230779.461,1377519.8159999999,15.1,7.0,2,38.0,0.0,1,114,201,5,0,4,1,1200,0,83.37,2.19
1210,6779,899,1163708200,-19.486,2050.217,2230773.6859999998,1377505.896,16.2,7.0,2,39.57,0.0,2,115,223,5,0,4,3,0,0,0.0,0.0
1213,6801,150,1163710400,-12.526,2048.4179999999997,2230780.839,1377505.1830000002,15.0,6.5,2,40.24,0.0,2,115,212,5,0,4,3,0,0,0.0,0.0
1214,6808,1540,1163711100,-20.113,2046.4470000000001,2230773.643,1377502.074,16.1,7.0,2,40.32,0.0,2,115,201,5,0,4,3,0,0,0.0,0.0
1219,6829,1504,1163713200,-9.543,2048.57,2230783.764,1377505.789,16.6,7.0,2,46.06,0.0,1,114,201,5,0,4,1,1213,0,108.65,2.36
1225,6855,487,1163715800,26.107,112.429,2230539.8340000003,1375643.792,15.1,7.0,2,0.06,0.0,2,101,202,0,1,2,1,1173,0,25.38,422.97
1226,6861,1503,1163716400,-12.517000000000001,2049.0460000000003,2230780.752,1377505.805,16.7,7.0,2,44.34,0.0,2,115,201,5,0,4,3,0,0,0.0,0.0
1228,6869,34,1163717200,2.544,2061.922,2230793.6659999997,1377520.834,16.6,6.7,2,16.54,0.0,11,114,213,5,0,4,2,0,0,0.0,0.0
1232,6881,1925,1163718400,7.796,242.132,2230541.3430000003,1375773.33,15.3,7.2,2,15.02,0.0,3,102,214,0,2,2,1,0,0,0.0,0.0
1235,6886,1374,1163718900,-11.214,2058.792,2230780.549,1377515.635,16.4,7.0,2,46.38,0.0,1,114,201,5,0,4,1,1226,0,116.25,2.51
1237,6918,818,1163722100,7.99,1236.745,2230834.913,1376696.1430000002,16.0,6.5,2,17.07,-10.02,0,121,214,3,0,2,2,0,0,0.0,0.0
1240,6903,31,1163720600,-0.006999999999999999,2066.509,2230790.443,1377524.976,14.3,7.0,2,24.85,0.0,11,114,213,5,0,4,2,0,0,0.0,0.0
1244,6909,1476,1163721200,-11.377,2054.58,2230781.0319999997,1377511.448,15.1,7.0,2,41.27,0.0,1,114,201,5,0,4,1,1235,0,99.44,2.41
1246,6928,11,1163723100,19.768,2081.188,2230807.739,1377542.5080000001,17.3,7.4,2,14.62,0.0,2,113,214,5,0,2,3,0,1237,0.0,0.0
1247,6925,25,1163722800,2.5980000000000003,2063.922,2230793.413,1377522.8180000002,15.1,6.5,2,22.35,0.0,11,114,213,5,0,4,2,0,0,0.0,0.0
1252,6954,27,1163725700,-4.379,2056.924,2230787.589,1377514.835,15.6,6.6,2,25.16,0.0,11,114,213,5,0,4,2,0,0,0.0,0.0
1253,6963,19,1163726600,28.01,2065.416,2230818.297,1377528.1830000002,16.3,7.4,2,14.94,0.0,0,113,214,5,0,2,3,0,0,0.0,0.0
1255,6980,28,1163728300,3.017,2060.909,2230794.288,1377519.905,18.0,6.7,2,28.26,0.0,11,114,213,5,0,4,2,0,0,0.0,0.0
1262,7022,1149,1163732500,5.305,223.412,2230536.285,1375754.426,15.2,7.0,2,19.88,10.02,0,123,210,1,0,2,2,0,0,0.0,0.0
1263,7012,10,1163731500,20.34,2080.806,2230808.376,1377542.1530000002,14.2,7.1,2,20.73,-11.21,0,113,214,5,0,2,3,0,0,0.0,0.0
1265,7055,31,1163735800,-6.103,2051.6279999999997,2230786.696,1377509.3380000002,17.2,6.9,2,15.22,-0.59,0,115,214,5,0,2,2,0,0,0.0,0.0
1266,7048,15,1163735100,31.243000000000002,2059.652,2230822.374,1377522.9819999998,16.8,7.5,2,20.36,0.0,3,113,214,5,0,2,3,0,0,0.0,0.0
1269,7074,24,1163737700,-9.107999999999999,2051.4570000000003,2230783.752,1377508.709,15.4,6.7,2,15.48,-0.79,0,115,214,5,0,2,2,0,0,0.0,0.0
1271,7078,514,1163738100,4.034,1582.652,2230838.274,1377043.6269999999,17.7,7.0,2,26.85,0.0,1,120,215,0,4,2,1,0,0,0.0,0.0
1272,7098,25,1163740100,-6.848,2054.482,2230785.523,1377512.044,16.9,7.0,2,18.61,-0.93,0,115,214,5,0,2,2,0,0,0.0,0.0
1274,7090,26,1163739300,1.761,143.39,2230518.579,1375676.388,17.5,7.0,2,18.43,0.0,9999,123,223,1,0,2,2,0,0,0.0,0.0
1275,7100,42,1163740300,4.713,121.28,2230519.227,1375654.346,17.0,7.0,2,16.68,0.0,11,101,223,0,1,2,1,0,1278,0.0,0.0
1278,7100,63,1163740300,5.506,90.786,2230517.548,1375623.888,15.5,7.0,2,14.78,0.0,11,101,223,0,1,2,1,1275,0,30.49,2.06
1280,7133,30,1163743600,10.494000000000002,2064.79,2230801.083,1377524.884,14.7,7.0,2,18.29,-0.84,0,115,214,5,0,2,2,0,0,0.0,0.0
1281,7133,31,1163743600,-8.488999999999999,2049.627,2230784.644,1377506.995,14.4,6.8,2,14.39,0.0,0,115,214,5,0,2,2,0,0,0.0,0.0
1284,7146,247,1163744900,-28.579,708.77,2230552.42,1376243.2280000001,15.0,6.7,2,21.34,0.0,0,122,223,2,0,4,3,0,0,0.0,0.0
1285,7169,44,1163747200,-5.072,2055.542,2230787.116,1377513.3630000001,14.6,6.7,2,12.92,-0.23,0,115,214,5,0,2,2,0,0,0.0,0.0
1288,7188,34,1163749100,-9.871,2054.04,2230782.603,1377511.145,17.1,7.0,2,14.14,-0.57,0,115,214,5,0,2,2,0,0,0.0,0.0
1289,7183,1596,1163748600,23.701999999999998,86.553,2230535.3419999997,1375618.196,14.5,7.0,2,1.02,0.0,2,101,214,0,1,2,1,1225,0,25.53,25.03
1293,7183,1344,1163748600,12.944,80.593,2230524.137,1375613.126,15.5,7.0,2,0.62,0.0,1,101,201,0,1,2,1,1176,0,23.15,37.34
1294,7183,241,1163748600,-25.405,709.4730000000001,2230555.669,1376243.336,15.3,7.0,2,14.97,0.0,2,122,223,2,0,4,3,0,0,0.0,0.0
1295,7235,43,1163753800,36.926,672.8389999999999,2230610.203,1376195.868,15.6,7.0,2,19.81,0.0,1,122,203,0,0,4,1,0,0,0.0,0.0
1299,7211,1201,1163751400,-15.414000000000001,1992.783,2230786.498,1377449.761,15.4,7.0,2,21.21,-0.79,0,115,201,5,0,4,3,0,0,0.0,0.0
1300,7204,26,1163750700,1.7069999999999999,133.16299999999998,2230517.193,1375666.4340000001,18.5,7.0,2,26.84,0.0,11,101,223,0,1,2,1,0,0,0.0,0.0
1303,7215,1343,1163751800,12.915999999999999,225.47299999999998,2230543.969,1375755.2380000001,15.2,7.4,2,14.44,0.0,0,102,215,1,0,2,3,0,0,0.0,0.0
1306,7229,19,1163753200,17.846,2075.725,2230806.7,1377536.8169999998,15.6,7.4,2,12.74,-10.02,0,113,214,5,0,2,3,0,0,0.0,0.0
1308,7236,1564,1163753900,23.816,72.046,2230534.281,1375603.727,15.0,7.0,2,2.64,0.0,2,101,214,0,1,2,1,1289,0,20.03,7.59
1311,7240,1608,1163754300,13.044,31.052,2230520.225,1375563.74,15.0,7.0,2,20.72,0.0,1,101,214,0,1,2,1,1293,0,70.26,3.39
1314,7303,1243,1163760600,17.814,799.242,2230618.799,1376316.89,17.0,6.7,2,31.55,10.02,2,122,215,0,3,2,1,1123,1303,868.04,27.51
1318,7312,377,1163761500,13.175,51.576,2230522.017,1375584.186,17.0,7.0,2,43.54,0.0,1,101,222,0,1,2,1,1293,0,242.63,5.57
1320,7326,545,1163762900,21.535999999999998,1649.874,2230854.845,1377111.1930000002,14.8,7.0,2,8.89,5.15,0,112,214,4,0,2,3,0,0,0.0,0.0
1322,7326,112,1163762900,7.879,34.836,2230515.383,1375567.93,15.0,7.0,2,37.37,0.0,11,101,223,0,1,2,1,0,0,0.0,0.0
1327,7372,139,1163767500,5.022,1604.023,2230839.014,1377065.015,15.2,7.0,2,17.75,7.08,0,112,221,4,0,4,2,0,0,0.0,0.0
1331,7377,1457,1163768000,14.934000000000001,92.68700000000001,2230527.099,1375625.02,16.0,7.0,2,51.3,0.0,1,101,214,0,1,2,1,1318,0,222.95,4.35
1333,7398,26,1163770100,-1.2429999999999999,2048.958,2230791.9069999997,1377507.4430000002,16.3,6.9,2,19.68,-0.64,0,115,214,5,0,2,2,0,0,0.0,0.0
1336,7401,508,1163770400,23.006999999999998,1645.2220000000002,2230856.36,1377106.294,15.4,7.0,2,13.42,11.2,0,112,214,4,0,2,3,0,0,0.0,0.0
1338,7399,17,1163770200,-18.756,131.78799999999998,2230496.6859999998,1375666.72,14.9,7.0,2,18.46,0.0,2,123,201,0,1,4,1,0,1294,0.0,0.0
1340,7434,39,1163773700,7.257999999999999,2059.038,2230798.867,1377518.708,14.5,7.0,2,17.68,9.61,0,115,214,5,0,2,2,0,0,0.0,0.0
1343,7405,1468,1163770800,16.637999999999998,40.713,2230524.589,1375573.0780000002,16.0,7.0,2,49.19,0.0,1,101,214,0,1,2,1,1331,0,194.85,3.96
1345,7448,25,1163775100,-20.244,136.12,2230495.563,1375671.2769999998,14.3,6.5,2,12.17,10.94,0,123,201,1,0,4,3,0,0,0.0,0.0
1349,7459,320,1163776200,26.586,1119.616,2230801.932,1376578.437,15.1,7.2,2,20.89,0.0,1,105,214,0,3,2,1,0,0,0.0,0.0
1350,7469,1351,1163777200,9.401,230.263,2230541.35,1375760.571,15.8,7.2,2,21.62,0.0,3,102,214,1,0,2,3,0,0,0.0,0.0
1351,7670,380,1163797300,2.915,1243.146,2230831.535,1376704.55,16.3,6.7,2,25.23,5.27,1,121,214,0,4,2,1,1192,1232,495.07,19.62
1352,7507,30,1163781000,1.551,2062.199,2230792.642,1377520.955,16.4,6.6,2,20.2,0.0,11,114,213,5,0,4,2,0,0,0.0,0.0
1356,7531,32,1163783400,3.537,2061.645,2230794.6890000002,1377520.7119999998,15.2,6.8,2,20.47,0.0,11,114,213,5,0,4,2,0,0,0.0,0.0
1358,7558,28,1163786100,2.943,2058.16,2230794.636,1377517.177,13.2,6.6,2,22.13,0.0,11,114,213,5,0,4,2,0,0,0.0,0.0
1359,7563,11,1163786600,23.947,2067.35,2230813.986,1377529.4730000002,14.3,7.5,2,20.14,0.0,11,114,214,5,0,2,2,0,0,0.0,0.0
1360,7579,33,1163788200,1.4969999999999999,2060.199,2230792.895,1377518.971,13.5,6.5,2,21.04,0.0,11,114,213,5,0,4,2,0,0,0.0,0.0
1361,7602,510,1163790500,-29.205,709.426,2230551.925,1376243.9880000001,15.2,7.0,2,16.79,-1.44,0,122,202,2,0,4,3,0,0,0.0,0.0
1362,7598,44,1163790100,-0.42100000000000004,2063.252,2230790.5319999997,1377521.6940000001,15.2,6.8,2,20.04,0.0,11,114,213,5,0,4,2,0,0,0.0,0.0
1363,7617,32,1163792000,2.531,2061.423,2230793.7290000003,1377520.3380000002,18.2,6.5,2,19.21,0.0,11,114,213,5,0,4,2,0,0,0.0,0.0
1364,7632,1264,1163793500,-6.067,212.287,2230522.966,1375745.585,16.2,6.8,2,23.02,-1.78,0,123,214,1,0,2,2,0,0,0.0,0.0
1367,7633,18,1163793600,-17.238,130.747,2230498.115,1375665.5590000001,19.1,8.0,2,23.64,0.0,2,101,201,0,1,4,1,0,1210,0.0,0.0
1368,7648,615,1163795100,-29.704,711.39,2230551.796,1376246.01,15.8,6.8,2,11.62,-1.32,0,122,223,2,0,4,3,0,0,0.0,0.0
1369,7663,1268,1163796600,-1.709,223.91099999999997,2230529.261,1375756.065,15.7,6.9,2,26.6,10.02,0,123,214,1,0,2,2,0,0,0.0,0.0
1375,7651,917,1163795400,-10.039,2059.008,2230781.6769999997,1377516.029,14.4,6.8,2,25.55,0.0,1,114,201,5,0,4,1,1299,0,1583.15,61.96
1376,7664,33,1163796700,2.7689999999999997,166.52700000000002,2230523.6319999998,1375698.989,14.8,7.0,2,17.78,-1.45,0,102,201,1,0,4,2,0,0,0.0,0.0
1377,7655,909,1163795800,-21.508000000000003,2047.211,2230772.148,1377502.616,17.0,6.8,2,26.45,0.0,2,115,201,5,0,4,3,0,0,0.0,0.0
1381,7669,167,1163797200,-7.727,2057.624,2230784.173,1377515.015,14.9,7.0,2,27.91,0.0,1,114,212,5,0,4,1,1299,0,1610.45,57.7
1382,7686,1355,1163798900,-1.501,217.271,2230528.341,1375749.719,14.6,6.7,2,27.94,-3.55,0,123,215,1,0,2,2,0,0,0.0,0.0
1383,7678,39,1163798100,5.3020000000000005,164.93900000000002,2230525.847,1375696.981,15.0,7.2,2,19.21,-0.7,0,102,201,1,0,4,2,0,0,0.0,0.0
1386,7697,1587,1163800000,-9.362,2055.651,2230782.859,1377512.815,15.6,7.0,2,32.51,0.0,1,114,201,5,0,4,1,1381,0,73.52,2.26
1387,7708,1244,1163801100,-2.34,215.391,2230527.191,1375748.0480000002,15.7,6.9,2,17.53,5.1,0,123,214,1,0,2,2,0,0,0.0,0.0
1388,7707,61,1163801000,-28.093000000000004,711.617,2230553.421,1376245.937,16.3,6.8,2,14.17,-1.41,0,122,203,2,0,4,1,0,0,0.0,0.0
1390,7727,1247,1163803000,4.783,227.53799999999998,2230536.3219999997,1375758.6830000002,15.9,7.1,2,25.85,9.32,0,123,214,1,0,2,2,0,0,0.0,0.0
1392,7725,1580,1163802800,-8.812000000000001,2051.784,2230783.995,1377509.0769999998,14.8,6.8,2,31.98,0.0,1,114,201,5,0,4,1,1386,0,87.23,2.73
1394,7743,233,1163804600,6.308,1230.776,2230830.884,1376690.736,15.7,7.2,2,17.33,0.0,0,111,214,3,0,2,3,0,0,0.0,0.0
1397,7742,833,1163804500,-9.747,2051.2470000000003,2230783.153,1377508.404,17.1,6.5,2,38.33,0.0,1,114,201,5,0,4,1,1386,0,141.56,3.69
1404,7768,791,1163807100,-9.652999999999999,2059.6479999999997,2230781.96,1377516.72,14.6,6.8,2,34.77,0.0,1,114,202,5,0,4,1,1397,0,105.79,3.04
1405,7768,1502,1163807100,-25.0,2058.724,2230766.935,1377513.459,16.0,6.5,2,33.75,0.0,2,115,201,5,0,4,3,0,0,0.0,0.0
1412,7794,1534,1163809700,-8.442,2043.96,2230785.558,1377501.4019999998,16.4,6.6,2,31.17,0.0,2,115,201,5,0,4,3,0,0,0.0,0.0
1413,7794,1464,1163809700,-19.776,2050.266,2230773.392,1377505.9,16.7,6.6,2,31.32,0.0,2,115,223,5,0,4,3,0,0,0.0,0.0
1419,7823,1516,1163812600,-19.602,2056.763,2230772.57,1377512.3469999998,15.5,6.5,2,26.88,0.0,2,114,201,5,0,4,1,1413,0,98.54,3.67
1420,7811,163,1163811400,-9.753,2050.9970000000003,2230783.185,1377508.156,16.0,6.5,2,34.41,0.0,1,114,212,5,0,4,1,1404,0,140.02,4.07
1424,7847,878,1163815000,11.685,1380.015,2230849.671,1376841.6509999998,15.6,7.1,2,10.53,12.27,1,111,214,0,4,2,1,1394,1232,194.0,18.42
1431,7837,1015,1163814000,10.831,225.41299999999998,2230541.906,1375755.545,15.9,7.4,2,13.27,0.0,3,102,214,1,0,2,3,0,0,0.0,0.0
1432,7842,1512,1163814500,-10.644,2059.576,2230780.992,1377516.497,15.1,6.8,2,34.5,0.0,1,114,201,5,0,4,1,1420,0,112.41,3.26
1438,7867,587,1163817000,-26.866999999999997,710.6569999999999,2230554.45,1376244.7680000002,16.0,7.0,2,8.72,-1.48,0,122,201,2,0,4,3,0,0,0.0,0.0
1440,7870,913,1163817300,10.710999999999999,1228.944,2230834.236,1376687.343,15.5,7.0,2,14.18,-2.95,0,111,214,3,0,2,3,0,0,0.0,0.0
1442,7882,138,1163818500,17.511,1649.1670000000001,2230850.692,1377110.094,15.0,7.0,2,12.72,10.02,0,112,214,4,0,2,3,0,0,0.0,0.0
1446,7880,1477,1163818300,-11.404000000000002,2050.929,2230781.5640000002,1377507.836,15.0,6.8,2,47.13,0.0,1,114,201,5,0,4,1,1432,0,119.08,2.53
1449,7899,1470,1163820200,-19.796,2049.5170000000003,2230773.4869999997,1377505.156,15.1,6.5,2,30.48,0.0,2,115,223,5,0,4,3,0,0,0.0,0.0
1450,7902,124,1163820500,-0.475,2061.252,2230790.785,1377519.71,15.5,6.5,2,3.64,0.0,11,114,213,5,0,4,2,0,0,0.0,0.0
1452,7903,1832,1163820600,8.851,251.94099999999997,2230543.219,1375783.015,20.0,7.0,2,21.44,0.0,3,102,214,0,2,2,1,0,0,0.0,0.0
1453,7903,1474,1163820600,-11.078,2057.535,2230780.875,1377514.414,16.0,6.5,2,44.95,0.0,1,114,201,5,0,4,1,1446,0,110.76,2.46
1457,7935,548,1163823800,-27.923000000000002,707.1489999999999,2230552.767,1376241.514,15.9,7.0,2,12.09,0.0,0,122,201,2,0,4,3,0,0,0.0,0.0
1459,7938,1317,1163824100,9.685,230.403,2230541.654,1375760.659,15.0,7.0,2,9.72,0.0,3,102,221,1,0,2,3,0,0,0.0,0.0
1463,7973,1424,1163827600,-9.847000000000001,2047.4979999999998,2230783.628,1377504.6840000001,16.2,6.6,2,41.21,0.0,2,115,201,5,0,4,3,0,0,0.0,0.0
1467,8000,160,1163830300,-29.704,715.802,2230552.607,1376250.3469999998,15.5,7.0,2,15.14,0.0,0,122,202,2,0,4,3,0,0,0.0,0.0
1468,8007,12,1163831000,25.399,2065.561,2230815.695,1377527.927,15.8,7.2,2,19.78,0.0,3,113,214,5,0,2,3,0,0,0.0,0.0
1469,8017,42,1163832000,-1.234,166.96,2230519.768,1375700.118,16.3,7.2,2,17.06,-1.14,0,123,201,1,0,4,3,0,0,0.0,0.0
1473,8037,1657,1163834000,9.302,226.745,2230540.635,1375757.125,15.9,7.0,2,17.22,0.0,3,102,214,1,0,2,3,0,0,0.0,0.0
1476,8042,1615,1163834500,12.754000000000001,85.088,2230524.3109999998,1375617.622,15.0,7.0,2,9.0,0.0,1,101,214,0,1,2,1,1473,0,150.74,16.75
1478,8057,234,1163836000,-32.196999999999996,715.012,2230550.011,1376250.029,15.7,6.8,2,17.95,0.0,2,122,223,2,0,4,3,0,0,0.0,0.0
1479,8087,29,1163839000,0.716,2060.28,2230792.11,1377518.9319999998,27.7,7.0,3,12.93,-0.65,0,115,214,5,0,2,2,0,0,0.0,0.0
1480,8109,55,1163841200,23.11,2070.616,2230812.659,1377532.572,14.9,7.1,2,2.84,0.0,0,113,214,5,0,2,3,0,0,0.0,0.0
1483,8089,1691,1163839200,14.82,36.382,2230522.4269999997,1375568.909,15.6,7.0,2,14.19,0.0,1,101,214,0,1,2,1,1476,0,91.02,6.41
1486,8081,219,1163838400,-7.528,1673.476,2230824.827,1377134.111,15.9,6.8,2,12.07,-0.36,1,118,212,0,5,4,1,1453,0,293.77,24.34
1489,8107,26,1163841000,2.614,144.517,2230519.616,1375677.3480000002,15.5,7.0,2,21.93,0.0,9999,123,223,1,0,2,2,0,0,0.0,0.0
1490,8107,62,1163841000,4.425,116.26299999999999,2230518.534,1375649.369,15.5,7.0,2,10.73,0.0,11,101,223,0,1,2,1,0,0,0.0,0.0
1492,8130,37,1163843300,-3.431,2052.865,2230789.1769999997,1377510.775,16.1,6.6,2,21.95,10.02,0,115,214,5,0,2,2,0,0,0.0,0.0
1495,8157,23,1163846000,2.501,2064.0570000000002,2230793.297,1377522.937,19.0,6.7,2,18.64,-0.5,0,115,214,5,0,2,2,0,0,0.0,0.0
1497,8143,86,1163844600,24.436999999999998,104.601,2230537.536,1375636.125,16.0,7.0,2,8.05,0.0,2,101,202,0,1,2,1,1452,0,529.58,65.79
1499,8181,28,1163848400,-17.778,133.542,2230497.8030000003,1375668.388,16.6,6.7,2,17.06,4.39,2,123,201,0,1,4,1,0,1368,0.0,0.0
1504,8180,16,1163848300,23.855,2065.783,2230814.135,1377527.91,16.7,7.4,2,17.3,-0.1,0,113,214,5,0,2,3,0,0,0.0,0.0
1505,8203,21,1163850600,23.613000000000003,2070.8320000000003,2230813.123,1377532.862,15.1,7.2,2,19.27,-0.73,0,113,214,5,0,2,3,0,0,0.0,0.0
1507,9200,1534,1163950300,18.14,937.2719999999999,2230692.269,1376430.176,15.4,7.0,2,13.11,-0.64,2,115,214,0,3,2,1,1483,1640,739.06,56.37
1517,8256,877,1163855900,6.886,1463.7379999999998,2230840.18,1376924.615,15.3,6.9,2,16.08,5.88,11,110,202,0,4,4,1,1176,0,453.29,28.19
1520,8286,173,1163858900,-17.567,1994.826,2230784.058,1377451.451,15.3,6.8,2,20.03,-2.23,0,115,210,5,0,4,3,0,0,0.0,0.0
1523,8284,553,1163858700,26.928,1645.361,2230860.273,1377106.736,14.2,7.1,2,17.71,0.0,1,112,214,4,0,2,3,0,0,0.0,0.0
1524,8299,302,1163860200,1.515,1572.434,2230835.755,1377033.449,15.7,6.9,2,14.86,5.18,11,120,215,0,4,2,1,1176,0,344.85,23.21
1525,8309,23,1163861200,14.375,2071.919,2230803.828,1377532.523,14.6,7.5,2,12.61,-0.31,0,113,214,5,0,2,3,0,0,0.0,0.0
1530,8362,1056,1163866500,-13.232999999999999,1526.602,2230821.0069999998,1376987.565,15.5,6.5,2,13.86,-1.49,2,120,201,0,4,4,1,1449,0,596.91,43.07
1538,8456,33,1163875900,4.368,2052.4410000000003,2230796.92,1377511.7380000001,17.6,6.6,2,22.58,-2.91,0,115,214,5,0,2,2,0,0,0.0,0.0
1540,8477,638,1163878000,5.416,57.501999999999995,2230514.764,1375590.721,16.5,7.0,2,19.08,0.0,11,101,223,0,1,2,1,0,0,0.0,0.0
1541,8505,191,1163880800,1.031,2061.462,2230792.241,1377520.148,16.1,6.5,2,16.64,0.0,11,114,213,5,0,4,2,0,0,0.0,0.0
1542,8612,87,1163891500,2.124,2064.9339999999997,2230792.79,1377523.746,16.0,6.7,2,19.7,0.0,11,114,213,5,0,4,2,0,0,0.0,0.0
1543,8634,1049,1163893700,0.7959999999999999,216.35299999999998,2230530.4359999998,1375748.384,16.8,7.2,2,22.07,-1.23,0,123,214,1,0,2,2,0,0,0.0,0.0
1545,8637,31,1163894000,7.0920000000000005,166.687,2230527.9159999997,1375698.388,15.9,7.0,2,21.99,-0.73,0,102,201,1,0,4,2,0,0,0.0,0.0
1548,8631,51,1163893400,-5.124,2065.1279999999997,2230785.598,1377522.8290000001,15.4,6.5,2,16.04,0.0,11,114,213,5,0,4,2,0,0,0.0,0.0
1549,8660,311,1163896300,10.533,1228.527,2230833.91,1376687.0269999998,15.2,7.0,2,16.41,0.0,0,111,214,3,0,2,3,0,0,0.0,0.0
1551,8655,1630,1163895800,-19.79,2049.7670000000003,2230773.455,1377505.404,16.5,6.5,2,24.99,0.0,2,115,201,5,0,4,3,0,0,0.0,0.0
1552,8667,398,1163897000,-12.038,2059.062,2230779.693,1377515.7759999998,16.5,6.5,2,33.98,0.0,1,114,206,5,0,4,1,1507,0,756.39,22.26
1553,8682,713,1163898500,-28.395,709.457,2230552.727,1376243.87,15.2,6.8,2,18.43,0.0,0,122,223,2,0,4,3,0,0,0.0,0.0
1555,8683,866,1163898600,-13.437000000000001,2062.851,2230777.731,1377519.3059999999,15.1,6.5,2,24.85,0.0,1,114,201,5,0,4,1,1507,0,790.52,31.81
1556,8704,832,1163900700,-10.395999999999999,2055.016,2230781.935,1377512.029,16.5,7.0,2,29.39,0.0,1,114,223,5,0,4,1,1552,0,118.36,4.03
1558,8694,1329,1163899700,13.655999999999999,75.618,2230524.443,1375608.11,15.0,7.0,2,17.0,0.0,1,101,215,0,1,2,1,1476,0,1097.15,64.54
1561,8725,837,1163902800,-9.016,2058.45,2230782.773,1377515.634,17.7,7.5,2,30.88,0.0,1,114,201,5,0,4,1,1555,0,114.3,3.7
1564,8736,1537,1163903900,-24.391,2055.3920000000003,2230768.047,1377510.259,15.5,7.0,2,26.23,0.0,2,115,223,5,0,4,3,0,0,0.0,0.0
1568,8743,181,1163904600,-10.012,2060.008,2230781.551,1377517.021,14.5,6.5,2,27.14,0.0,1,114,212,5,0,4,1,1556,0,133.1,4.9
1569,8748,10,1163905100,20.685,2078.626,2230809.037,1377540.1169999999,15.2,7.4,2,20.67,0.0,0,114,214,5,0,2,2,0,0,0.0,0.0
1573,8768,808,1163907100,-10.499,2060.522,2230780.991,1377517.4540000001,15.5,6.5,2,31.03,0.0,1,114,201,5,0,4,1,1561,0,151.73,4.89
1575,8788,177,1163909100,-9.476,2047.651,2230783.971,1377504.8909999998,15.1,6.8,2,34.19,0.0,2,115,212,5,0,4,3,0,0,0.0,0.0
1579,8784,57,1163908700,-21.054000000000002,711.627,2230560.3419999997,1376244.6530000002,16.6,7.0,2,14.62,0.0,0,122,203,2,0,4,1,0,0,0.0,0.0
1583,8800,1463,1163910300,-9.777999999999999,2058.702,2230781.982,1377515.7659999998,16.0,6.7,2,38.08,0.0,1,114,201,5,0,4,1,1573,0,100.23,2.63
1584,8809,11,1163911200,-15.624,130.833,2230499.73,1375665.515,13.9,6.8,2,18.41,0.0,2,101,201,0,1,4,1,0,1405,0.0,0.0
1588,8823,750,1163912600,-12.145,2055.063,2230780.199,1377511.8080000002,16.5,6.5,2,34.25,0.0,1,114,202,5,0,4,1,1583,0,84.75,2.47
1594,8839,152,1163914200,-10.225,2055.953,2230781.961,1377512.981,15.2,6.8,2,33.75,0.0,1,114,212,5,0,4,1,1575,0,181.92,5.39
1601,8862,153,1163916500,-9.253,2050.985,2230783.681,1377508.22,16.7,6.6,2,37.61,0.0,1,114,212,5,0,4,1,1594,0,74.27,1.97
1607,8866,14,1163916900,-17.373,132.585,2230498.129,1375667.4019999998,13.7,6.5,2,19.98,0.0,2,123,201,0,1,4,1,0,1405,0.0,0.0
1615,8885,706,1163918800,-11.675,2060.888,2230779.772,1377517.636,15.8,7.0,2,36.05,0.0,1,114,202,5,0,4,1,1601,0,96.78,2.68
1617,8894,98,1163919700,-0.9079999999999999,2063.765,2230789.972,1377522.1269999999,16.3,6.6,2,2.15,0.0,11,114,213,5,0,4,2,0,0,0.0,0.0
1618,8901,1344,1163920400,-11.685,2053.55,2230780.885,1377510.3830000001,15.5,6.5,2,35.02,0.0,1,114,201,5,0,4,1,1601,0,151.55,4.33
1621,8913,905,1163921600,11.842,228.144,2230543.381,1375758.055,16.1,7.1,2,14.96,-3.88,0,102,214,1,0,2,3,0,0,0.0,0.0
1622,8891,42,1163919400,14.517000000000001,692.541,2230591.798,1376219.3530000001,15.6,7.0,2,20.21,0.0,1,103,222,2,0,2,1,0,0,0.0,0.0
1629,8912,1404,1163921500,-19.441,2062.761,2230771.8109999998,1377518.299,16.2,6.6,2,29.77,0.0,2,114,201,5,0,4,1,1588,0,360.86,12.12
1634,8925,149,1163922800,-11.145,2059.603,2230780.4930000002,1377516.447,15.6,6.8,2,34.09,0.0,1,114,212,5,0,4,1,1618,0,90.27,2.65
1635,8964,219,1163926700,-21.767,705.909,2230558.585,1376239.1369999999,16.0,6.5,2,12.58,-3.36,0,122,202,2,0,4,3,0,0,0.0,0.0
1636,8968,472,1163927100,-8.177999999999999,641.164,2230560.3,1376172.6,15.7,7.0,2,21.05,-1.5,11,103,223,0,2,4,1,0,0,0.0,0.0
1638,8960,1370,1163926300,-11.639000000000001,2060.985,2230779.793,1377517.737,15.2,6.9,2,35.43,0.0,1,114,223,5,0,4,1,1634,0,119.65,3.38
1640,8973,837,1163927600,8.164,228.669,2230539.855,1375759.2140000002,15.0,7.0,2,16.38,-5.57,0,102,214,1,0,2,3,0,0,0.0,0.0
1643,8984,1142,1163928700,-10.67,2059.389,2230780.995,1377516.3090000001,16.3,6.9,2,39.71,0.0,1,114,202,5,0,4,1,1638,0,86.25,2.17
1644,8988,22,1163929100,8.7,2049.002,2230801.726,1377509.0080000001,15.8,6.6,2,27.93,0.0,11,114,213,5,0,4,2,0,0,0.0,0.0
1646,8999,26,1163930200,3.6039999999999996,2064.144,2230794.373,1377523.1919999998,15.3,6.8,2,23.7,0.0,11,114,213,5,0,4,2,0,0,0.0,0.0
1665,224,21,1163052700,-23.815,2076.884,2230765.328,1377531.586,16.0,7.0,2,9.53,0.0,2,114,215,5,0,4,3,11,0,0.0,0.0
1669,414,1153,1163071700,-13.478,1994.588,2230788.135,1377451.841,16.6,6.7,2,21.46,-4.17,0,115,201,5,0,4,3,0,0,0.0,0.0
1672,457,1141,1163076000,-2.471,2011.682,2230796.399,1377470.4030000002,15.5,7.0,2,10.27,-0.9,0,115,201,5,0,4,3,0,0,0.0,0.0
1676,388,137,1163069100,-9.415,1525.869,2230824.825,1376986.844,15.5,6.5,2,21.24,-1.73,1,120,221,0,4,4,1,29,0,459.03,21.61
1681,1348,65,1163165100,3.8930000000000002,105.23100000000001,2230517.11,1375638.416,16.5,7.0,2,18.82,0.0,11,101,223,0,1,2,1,0,0,0.0,0.0
1685,1753,17,1163205600,-25.503,2079.18,2230763.308,1377533.5969999998,15.0,6.5,2,10.54,0.0,2,114,215,5,0,4,3,269,0,164.18,15.58
1689,1579,2161,1163188200,13.859000000000002,82.633,2230525.214,1375615.086,15.5,7.0,2,6.2,0.0,1,101,214,0,1,2,1,256,0,50.64,8.17
1691,3735,30,1163403800,-24.011,2078.889,2230764.827,1377533.5380000002,14.0,6.5,2,9.54,0.0,2,114,215,5,0,4,3,605,0,0.0,0.0
1693,4615,13,1163491800,-26.8,2077.464,2230762.289,1377531.7030000002,15.0,7.0,2,15.41,0.0,2,114,215,5,0,4,3,686,0,1606.47,104.25
1694,4898,21,1163520100,-25.206999999999997,2080.922,2230763.3340000003,1377535.364,14.5,7.0,2,11.52,0.0,2,114,215,5,0,4,3,813,0,256.28,22.25
1695,4976,21,1163527900,-26.193,2081.449,2230762.279,1377535.7340000002,13.5,7.0,2,13.95,0.0,2,114,215,5,0,4,3,831,0,367.2,26.32
1697,6673,24,1163697600,-25.476999999999997,2080.18,2230763.181,1377534.5890000002,13.5,6.5,2,11.16,0.0,2,114,215,5,0,4,3,1185,0,140.16,12.56
1701,7959,17,1163826200,-24.93,2081.916,2230763.456,1377536.388,15.0,6.5,2,14.9,0.0,2,114,215,5,0,4,3,1449,0,213.03,14.3
1708,1326,1415,1163162900,22.682,87.01100000000001,2230534.3619999997,1375618.735,17.5,7.0,2,45.73,0.0,2,101,214,0,1,2,1,75,0,312.96,6.84
1709,1445,1083,1163174800,-12.335999999999999,1996.932,2230788.905,1377454.332,16.6,6.5,2,18.23,-2.25,0,115,201,5,0,4,3,0,0,0.0,0.0
1711,1682,18,1163198500,-26.517,2078.7070000000003,2230762.379,1377532.9740000002,17.5,6.5,2,13.53,0.0,2,114,215,5,0,4,3,249,0,1513.31,111.85
1713,1883,27,1163218600,-23.801,2077.384,2230765.265,1377532.082,15.5,7.0,2,12.13,0.0,2,114,215,5,0,4,3,290,0,193.68,15.97
1714,2001,16,1163230400,-25.544,2077.681,2230763.497,1377532.1090000002,15.5,6.5,2,15.63,0.0,2,114,215,5,0,4,3,310,0,224.25,14.35
1715,2374,40,1163267700,3.04,145.082,2230520.135,1375677.8290000001,17.5,7.0,2,12.16,0.0,9999,123,223,1,0,2,2,0,0,0.0,0.0
1717,4951,20,1163525400,-26.221,2080.45,2230762.405,1377534.7419999999,14.0,7.0,2,13.68,0.0,2,114,215,5,0,4,3,831,0,271.72,19.86
1721,3841,22,1163414400,-25.051,2077.417,2230764.025,1377531.924,16.6,6.6,2,8.48,0.0,2,114,215,5,0,4,3,636,0,0.0,0.0
1722,3024,22,1163332700,-26.104,2075.444,2230763.286,1377529.813,16.6,6.6,2,12.88,0.0,2,114,215,5,0,4,3,496,0,344.23,26.73
1724,3917,20,1163422000,-26.011,2078.9429999999998,2230762.8430000003,1377533.285,15.5,6.5,2,12.13,0.0,2,114,215,5,0,4,3,645,0,231.25,19.06
1726,3281,21,1163358400,25.968000000000004,2074.748,2230814.851,1377537.093,16.6,7.4,2,26.53,-0.95,0,113,214,5,0,2,3,0,0,0.0,0.0
1727,3340,13,1163364300,20.483,2078.327,2230808.884,1377539.79,13.8,7.4,2,24.85,0.0,0,113,214,5,0,2,3,0,0,0.0,0.0
1728,3414,23,1163371700,25.391,2073.152,2230814.526,1377535.427,18.4,7.4,2,20.74,-0.25,0,113,214,5,0,2,3,0,0,0.0,0.0
1729,3442,15,1163374500,14.984000000000002,2081.584,2230802.969,1377542.155,15.9,7.4,2,20.75,-11.26,0,113,214,5,0,2,3,0,0,0.0,0.0
1731,3520,103,1163382300,1.705,2067.947,2230791.915,1377526.659,20.3,6.7,2,8.72,0.0,11,114,213,5,0,4,2,0,0,0.0,0.0
1732,3678,32,1163398100,-25.854,2075.438,2230763.534,1377529.845,12.5,7.0,2,8.8,0.0,2,114,215,5,0,4,3,605,0,0.0,0.0
1733,3713,24,1163401600,-25.275,2078.423,2230763.65,1377532.884,17.0,7.0,2,12.06,0.0,2,114,215,5,0,4,3,605,0,306.03,25.38
1735,3770,33,1163407300,-22.930999999999997,2081.862,2230765.44,1377536.6409999998,15.2,6.6,2,8.65,0.0,2,114,215,5,0,4,3,605,0,0.0,0.0
1736,3809,25,1163411200,-26.45,2081.206,2230762.063,1377535.4540000001,15.0,6.5,2,12.12,0.0,2,114,215,5,0,4,3,605,0,745.19,61.48
1737,3460,161,1163376300,-7.066,1526.5539999999999,2230827.174,1376987.5219999999,13.0,6.5,2,16.97,-0.87,1,120,221,0,4,4,1,559,0,109.18,6.43
1738,3891,29,1163419400,-27.131,2074.472,2230762.42,1377528.695,14.1,6.6,2,8.48,0.0,2,114,215,5,0,4,3,645,0,0.0,0.0
1746,6705,10,1163700800,-25.354,2075.424,2230764.03,1377529.908,14.0,7.0,2,17.83,0.0,2,114,215,5,0,4,3,1185,0,266.09,14.92
1747,6725,12,1163702800,-26.247,2079.45,2230762.5319999997,1377533.75,15.5,7.0,2,19.35,0.0,2,114,215,5,0,4,3,1185,0,366.41,18.94
1748,7671,14,1163797400,-26.57,2076.7070000000003,2230762.6319999998,1377530.99,16.0,6.5,2,15.28,0.0,2,114,215,5,0,4,3,1235,0,1813.32,118.67
1752,7694,13,1163799700,-25.997,2079.4429999999998,2230762.78,1377533.781,13.1,6.6,2,16.86,0.0,2,114,215,5,0,4,3,1377,0,144.81,8.59
1753,7715,14,1163801800,-24.828000000000003,2076.41,2230764.399,1377530.9630000002,17.0,7.0,2,18.47,0.0,2,114,215,5,0,4,3,1377,0,227.18,12.3
1754,7734,16,1163803700,-25.45,2081.179,2230763.055,1377535.58,15.0,6.5,2,15.74,0.0,2,114,215,5,0,4,3,1377,0,312.02,19.82
1756,7835,23,1163813800,-24.775,2078.41,2230764.1459999997,1377532.947,16.5,7.0,2,13.13,0.0,2,114,215,5,0,4,3,1413,0,162.92,12.41
1757,7903,12,1163820600,-26.721,2080.462,2230761.909,1377534.678,13.5,7.0,2,16.34,0.0,2,114,215,5,0,4,3,1419,0,261.45,16.0
1758,7931,21,1163823400,-23.668000000000003,2082.382,2230764.6319999998,1377537.042,14.5,7.0,2,10.1,0.0,2,114,215,5,0,4,3,1449,0,128.66,12.74
1759,7993,18,1163829600,-28.206,2081.0029999999997,2230760.358,1377534.985,15.0,7.0,2,10.92,0.0,2,114,215,5,0,4,3,1449,0,318.32,29.15
1761,8150,19,1163845300,-26.706999999999997,2080.962,2230761.846,1377535.174,13.5,7.0,2,11.97,0.0,2,114,215,5,0,4,3,1449,0,774.67,64.72
1762,8675,18,1163897800,-25.761,2078.937,2230763.091,1377533.3169999998,13.5,7.0,2,12.6,0.0,2,114,215,5,0,4,3,1530,0,1523.96,120.95
1763,8700,19,1163900300,-23.904,2082.888,2230764.321,1377537.506,14.5,6.5,2,14.15,0.0,2,114,215,5,0,4,3,1551,0,143.23,10.12
1764,8746,16,1163904900,-24.41,2082.652,2230763.857,1377537.195,15.0,6.5,2,16.19,0.0,2,114,215,5,0,4,3,1551,0,267.99,16.55
1766,8790,19,1163909300,-24.6,2084.907,2230763.324,1377539.395,11.5,7.0,2,13.57,0.0,2,114,215,5,0,4,3,1564,0,174.32,12.85
1803,5754,17,1163605700,-26.447,2071.952,2230763.481,1377526.31,15.0,7.0,2,13.94,0.0,2,114,215,5,0,4,3,978,0,216.91,15.56
1805,4845,20,1163514800,-24.458000000000002,2080.902,2230764.078,1377535.459,15.5,6.5,2,10.88,0.0,2,114,215,5,0,4,3,805,0,137.11,12.6
1806,4741,23,1163504400,-26.205,2071.696,2230763.76,1377526.094,17.0,6.5,2,11.06,0.0,2,114,215,5,0,4,3,759,0,329.84,29.82
1808,5627,11,1163593000,-27.177,2072.722,2230762.642,1377526.959,14.7,6.7,2,16.92,0.0,2,114,215,5,0,4,3,961,0,82.53,4.88
1810,2674,36,1163297700,-25.464000000000002,2080.68,2230763.1180000002,1377535.085,16.1,6.5,2,5.92,0.0,2,114,215,5,0,4,3,407,0,0.0,0.0
